,type,fixed acidity,volatile acidity,citric acid,residual sugar,chlorides,free sulfur dioxide,total sulfur dioxide,density,pH,sulphates,alcohol,quality
4913,red,8.9,0.62,0.19,3.9,0.17,51.0,148.0,0.9986,3.17,0.93,9.2,5
3823,white,6.7,0.26,0.49,8.1,0.052,48.0,197.0,0.99558,3.19,0.48,9.5,5
2910,white,6.1,0.37,0.2,7.6,0.031,49.0,170.0,0.99558,3.22,0.48,9.5,5
767,white,6.8,0.2,0.36,1.6,0.028,7.0,46.0,0.99175,3.21,0.6,10.9,6
3102,white,6.5,0.29,0.26,7.0,0.04,18.0,113.0,0.99366,3.17,0.38,10.2,6
995,white,7.8,0.27,0.34,1.6,0.046,27.0,154.0,0.9927,3.05,0.45,10.5,6
3133,white,6.6,0.25,0.35,2.9,0.034,38.0,121.0,0.99008,3.19,0.4,12.8,6
5663,red,9.2,0.67,0.1,3.0,0.091,12.0,48.0,0.99888,3.31,0.54,9.5,6
1615,white,7.5,0.19,0.49,1.6,0.047,42.0,140.0,0.9932,3.4,0.47,10.7,6
2890,white,5.2,0.285,0.29,5.15,0.035,64.0,138.0,0.9895,3.19,0.34,12.4,8
4612,white,5.8,0.34,0.21,7.2,0.041,48.0,146.0,0.99441,3.16,0.49,9.8,5
3666,white,6.8,0.21,0.26,11.7,0.038,61.0,152.0,0.99523,3.02,0.56,10.5,7
4449,white,6.4,0.28,0.22,12.8,0.039,51.0,150.0,0.99535,3.23,0.43,10.7,6
5105,red,7.8,0.57,0.31,1.8,0.069,26.0,120.0,0.99625,3.29,0.53,9.3,5
5106,red,7.8,0.44,0.28,2.7,0.1,18.0,95.0,0.9966,3.22,0.67,9.4,5
799,white,6.0,0.18,0.31,1.4,0.036,14.0,75.0,0.99085,3.34,0.58,11.1,8
3140,white,6.6,0.39,0.39,11.9,0.057,51.0,221.0,0.99851,3.26,0.51,8.9,6
5228,red,10.2,0.36,0.64,2.9,0.122,10.0,41.0,0.998,3.23,0.66,12.5,6
1339,white,8.4,0.58,0.27,12.15,0.033,37.0,116.0,0.9959,2.99,0.39,10.8,6
2079,white,7.4,0.45,0.32,7.1,0.044,17.0,117.0,0.9962,3.32,0.41,10.4,4
4639,white,6.9,0.54,0.26,12.7,0.049,59.0,195.0,0.99596,3.26,0.54,10.5,6
2410,white,7.0,0.16,0.26,7.3,0.047,30.0,220.0,0.99622,3.38,0.58,10.1,6
1978,white,7.9,0.33,0.26,1.2,0.044,23.0,103.0,0.9932,3.19,0.54,10.5,6
3558,white,5.7,0.22,0.22,16.65,0.044,39.0,110.0,0.99855,3.24,0.48,9.0,6
4583,white,6.4,0.23,0.37,7.9,0.05,60.0,150.0,0.99488,2.86,0.49,9.3,6
5076,red,7.0,0.805,0.0,2.5,0.068,7.0,20.0,0.9969,3.48,0.56,9.6,5
5373,red,9.6,0.68,0.24,2.2,0.087,5.0,28.0,0.9988,3.14,0.6,10.2,5
5432,red,10.0,0.48,0.24,2.7,0.102,13.0,32.0,1.0,3.28,0.56,10.0,6
3061,white,6.2,0.25,0.54,7.0,0.046,58.0,176.0,0.99454,3.19,0.7,10.4,5
5928,red,7.1,0.59,0.0,2.1,0.091,9.0,14.0,0.99488,3.42,0.55,11.5,7
2258,white,7.6,0.48,0.28,10.4,0.049,57.0,205.0,0.99748,3.24,0.45,9.3,5
2209,white,7.0,0.32,0.35,1.5,0.039,24.0,125.0,0.9918,3.17,0.64,12.2,6
4095,white,6.6,0.41,0.27,10.7,0.11,20.0,103.0,0.99672,3.08,0.41,9.0,6
2899,white,6.2,0.21,0.26,13.1,0.05,59.0,150.0,0.99772,3.31,0.46,9.0,5
3231,white,6.8,0.21,0.37,7.0,0.038,27.0,107.0,0.99206,2.98,0.82,11.5,6
4669,white,5.9,0.44,0.33,1.2,0.049,12.0,117.0,0.99134,3.46,0.44,11.5,5
399,white,6.4,0.19,0.42,2.9,0.032,32.0,83.0,0.9908,3.3,0.41,11.7,6
5421,red,9.3,0.4,0.49,2.5,0.085,38.0,142.0,0.9978,3.22,0.55,9.4,5
1084,white,6.3,0.23,0.21,5.1,0.035,29.0,142.0,0.9942,3.36,0.33,10.1,7
2289,white,7.3,0.4,0.28,6.5,0.037,26.0,97.0,0.99148,3.16,0.58,12.6,7
2935,white,7.1,0.27,0.28,1.25,0.023,3.0,89.0,0.98993,2.95,0.3,11.4,4
6242,red,11.5,0.42,0.48,2.6,0.077,8.0,20.0,0.99852,3.09,0.53,11.0,5
2519,white,6.3,0.24,0.55,8.1,0.04,67.0,216.0,0.99596,3.24,0.5,9.2,5
26,white,6.9,0.24,0.35,1.0,0.052,35.0,146.0,0.993,3.45,0.44,10.0,6
3260,white,7.4,0.19,0.31,14.5,0.045,39.0,193.0,0.9986,3.1,0.5,9.2,6
3129,white,6.1,0.21,0.38,1.5,0.039,37.0,122.0,0.98972,3.2,0.43,12.0,6
2816,white,7.2,0.17,0.41,1.6,0.052,24.0,126.0,0.99228,3.19,0.49,10.8,5
4817,white,5.8,0.385,0.25,3.7,0.031,38.0,122.0,0.99128,3.2,0.63,11.2,6
1982,white,7.6,0.2,0.3,14.2,0.056,53.0,212.5,0.999,3.14,0.46,8.9,8
6209,red,6.5,0.51,0.15,3.0,0.064,12.0,27.0,0.9929,3.33,0.59,12.8,6
4425,white,6.1,0.22,0.5,6.6,0.045,30.0,122.0,0.99415,3.22,0.49,9.9,6
5380,red,10.6,0.36,0.59,2.2,0.152,6.0,18.0,0.9986,3.04,1.05,9.4,5
1761,white,8.0,0.3,0.28,5.7,0.044,31.0,124.0,0.9948,3.16,0.51,10.2,6
3401,white,8.8,0.19,0.3,5.0,0.028,34.0,120.0,0.99242,2.94,0.47,11.2,5
3686,white,7.6,0.3,0.37,1.6,0.087,27.0,177.0,0.99438,3.09,0.5,9.8,5
1388,white,7.3,0.18,0.29,1.2,0.044,12.0,143.0,0.9918,3.2,0.48,11.3,7
6488,red,6.3,0.55,0.15,1.8,0.077,26.0,35.0,0.99314,3.32,0.82,11.6,6
4075,white,5.7,0.25,0.26,12.5,0.049,52.5,120.0,0.99691,3.08,0.45,9.4,6
4060,white,6.4,0.41,0.01,6.1,0.048,20.0,70.0,0.99362,3.19,0.42,10.0,5
4186,white,7.6,0.27,0.32,1.2,0.043,23.0,72.0,0.99236,3.06,0.68,10.5,5
6027,red,10.5,0.43,0.35,3.3,0.092,24.0,70.0,0.99798,3.21,0.69,10.5,6
254,white,5.8,0.24,0.39,1.5,0.054,37.0,158.0,0.9932,3.21,0.52,9.3,6
3649,white,7.0,0.29,0.37,1.6,0.035,34.0,126.0,0.99058,3.26,0.47,12.3,6
2820,white,6.7,0.325,0.82,1.2,0.152,49.0,120.0,0.99312,2.99,0.38,9.2,5
6222,red,6.7,0.46,0.24,1.7,0.077,18.0,34.0,0.9948,3.39,0.6,10.6,6
4987,red,7.0,0.62,0.08,1.8,0.076,8.0,24.0,0.9978,3.48,0.53,9.0,5
4773,white,5.2,0.21,0.31,1.7,0.048,17.0,61.0,0.98953,3.24,0.37,12.0,7
3408,white,7.1,0.32,0.3,9.9,0.041,63.0,192.0,0.99642,3.12,0.49,10.2,6
4005,white,6.8,0.14,0.35,1.5,0.047,40.0,117.0,0.99111,3.07,0.72,11.1,6
1257,white,6.4,0.17,0.27,6.7,0.036,88.0,223.0,0.9948,3.28,0.35,10.2,6
556,white,8.4,0.35,0.71,12.2,0.046,22.0,160.0,0.9982,2.98,0.65,9.4,5
2510,white,6.2,0.28,0.45,7.5,0.045,46.0,203.0,0.99573,3.26,0.46,9.2,6
4812,white,5.1,0.26,0.33,1.1,0.027,46.0,113.0,0.98946,3.35,0.43,11.4,7
1252,white,5.6,0.245,0.32,1.1,0.047,24.0,152.0,0.9927,3.12,0.42,9.3,6
3677,white,6.9,0.58,0.58,8.2,0.032,29.0,169.0,0.99275,3.28,0.44,12.2,6
6214,red,5.4,0.74,0.0,1.2,0.041,16.0,46.0,0.99258,4.01,0.59,12.5,6
5021,red,8.0,0.71,0.0,2.6,0.08,11.0,34.0,0.9976,3.44,0.53,9.5,5
1923,white,8.2,0.37,0.27,1.7,0.028,10.0,59.0,0.9923,2.97,0.48,10.4,5
5764,red,6.8,0.49,0.22,2.3,0.071,13.0,24.0,0.99438,3.41,0.83,11.3,6
662,white,7.0,0.57,0.1,8.3,0.094,23.0,188.0,0.9972,3.4,0.47,9.2,4
5589,red,9.2,0.92,0.24,2.6,0.087,12.0,93.0,0.9998,3.48,0.54,9.8,5
1590,white,7.9,0.14,0.74,1.2,0.028,30.0,165.0,0.991,3.08,0.82,12.3,6
2162,white,9.9,0.49,0.23,2.4,0.087,19.0,115.0,0.9948,2.77,0.44,9.4,6
3475,white,6.2,0.36,0.45,10.4,0.06,22.0,184.0,0.99711,3.31,0.56,9.8,6
998,white,8.0,0.24,0.3,17.45,0.056,43.0,184.0,0.9997,3.05,0.5,9.2,6
1783,white,8.7,0.45,0.4,1.5,0.067,17.0,100.0,0.9957,3.27,0.57,10.1,6
3345,white,6.8,0.18,0.24,9.8,0.058,64.0,188.0,0.9952,3.13,0.51,10.6,6
5236,red,12.4,0.49,0.58,3.0,0.103,28.0,99.0,1.0008,3.16,1.0,11.5,6
6325,red,7.6,0.41,0.33,2.5,0.078,6.0,23.0,0.9957,3.3,0.58,11.2,5
3465,white,6.8,0.19,0.34,1.9,0.04,41.0,108.0,0.99,3.25,0.45,12.9,6
2570,white,6.6,0.24,0.28,1.8,0.028,39.0,132.0,0.99182,3.34,0.46,11.4,5
5719,red,4.9,0.42,0.0,2.1,0.048,16.0,42.0,0.99154,3.71,0.74,14.0,7
587,white,6.1,0.32,0.25,1.7,0.034,37.0,136.0,0.992,,0.5,10.8,7
4953,red,7.7,0.62,0.04,3.8,0.084,25.0,45.0,0.9978,3.34,0.53,9.5,5
5391,red,8.7,0.69,0.31,3.0,0.086,23.0,81.0,1.0002,3.48,0.74,11.6,6
6162,red,8.5,0.37,0.32,1.8,0.066,26.0,51.0,0.99456,3.38,0.72,11.8,6
2394,white,6.3,0.695,0.55,12.9,0.056,58.0,252.0,0.99806,3.29,0.49,8.7,5
3365,white,7.6,0.2,0.26,4.8,0.033,26.0,76.0,0.99076,2.98,0.49,12.3,7
4825,white,6.0,0.34,0.29,6.1,0.046,29.0,134.0,0.99462,3.48,0.57,10.7,6
1130,white,6.9,0.2,0.28,1.2,0.048,36.0,159.0,0.9936,3.19,0.43,9.1,6
2045,white,8.7,0.24,0.35,0.6,0.042,11.0,71.0,0.9926,3.08,0.38,10.6,5
1991,white,7.6,0.2,0.3,14.2,0.056,53.0,212.5,0.999,3.14,0.46,8.9,8
5988,red,10.0,0.26,0.54,1.9,0.083,42.0,74.0,0.99451,2.98,0.63,11.8,8
4158,white,7.4,0.16,0.3,13.7,0.056,33.0,168.0,0.99825,2.9,0.44,8.7,7
2145,white,7.2,0.2,0.31,10.0,0.054,49.0,165.0,0.997,3.4,0.42,9.9,6
4717,white,4.8,0.225,0.38,1.2,0.074,47.0,130.0,0.99132,3.31,0.4,10.3,6
5326,red,9.1,0.52,0.33,1.3,0.07,9.0,30.0,0.9978,3.24,0.6,9.3,5
6334,red,10.0,0.38,0.38,1.6,0.169,27.0,90.0,0.99914,3.15,0.65,8.5,5
5853,red,8.5,0.21,0.52,1.9,0.09,9.0,23.0,0.99648,3.36,0.67,10.4,5
4902,red,7.4,0.7,0.0,1.9,0.076,11.0,34.0,0.9978,3.51,0.56,9.4,5
3394,white,6.5,0.25,0.45,7.8,0.048,52.0,188.0,0.99576,3.2,0.53,9.1,5
3553,white,5.7,0.22,0.22,16.65,0.044,39.0,110.0,0.99855,3.24,0.48,9.0,6
3003,white,7.2,0.19,0.31,6.3,0.034,17.0,103.0,0.99305,3.15,0.52,11.4,7
4667,white,6.1,0.16,0.34,6.1,0.034,31.0,114.0,0.99365,3.32,0.58,10.15,7
5897,red,6.4,0.69,0.0,1.65,0.055,7.0,12.0,0.99162,3.47,0.53,12.9,6
3774,white,6.7,0.42,0.39,12.1,0.04,61.0,248.0,0.99794,3.31,0.58,9.7,5
4196,white,5.8,0.22,0.29,1.3,0.036,25.0,68.0,0.98865,3.24,0.35,12.6,6
4928,red,6.7,0.675,0.07,2.4,0.089,17.0,82.0,0.9958,3.35,0.54,10.1,5
2474,white,6.1,0.27,0.31,1.5,0.035,17.0,83.0,0.99076,3.32,0.44,11.1,7
1361,white,6.0,0.13,0.28,5.7,0.038,56.0,189.5,0.9948,3.59,0.43,10.6,7
1806,white,7.6,0.38,0.2,3.4,0.046,9.0,116.0,0.9944,3.15,0.41,9.4,5
4271,white,6.9,0.42,0.2,15.4,0.043,57.0,201.0,0.99848,3.08,0.54,9.4,5
4586,white,5.4,0.29,0.38,1.2,0.029,31.0,132.0,0.98895,3.28,0.36,12.4,6
4278,white,5.6,0.18,0.29,2.3,0.04,5.0,47.0,0.99126,3.07,0.45,10.1,4
572,white,6.7,0.34,0.54,16.3,0.047,44.0,181.0,0.9987,3.04,0.56,8.8,5
6491,red,6.8,0.62,0.08,1.9,0.068,28.0,38.0,0.99651,3.42,0.82,9.5,6
1364,white,7.6,0.19,0.41,1.1,0.04,38.0,143.0,0.9907,2.92,0.42,11.4,5
1285,white,7.8,0.16,0.41,1.7,0.026,29.0,140.0,0.991,3.02,0.78,12.5,6
3908,white,6.2,0.39,0.24,4.8,0.037,45.0,138.0,0.99174,3.23,0.43,11.2,7
1190,white,7.6,0.21,0.44,1.9,0.036,10.0,119.0,0.9913,3.01,0.7,12.8,6
6028,red,9.1,0.6,0.0,1.9,0.058,5.0,10.0,0.9977,3.18,0.63,10.4,6
791,white,5.9,0.24,0.3,2.0,0.033,28.0,92.0,0.99225,3.39,0.69,10.9,7
1882,white,7.7,0.3,0.42,14.3,0.045,45.0,213.0,0.9991,3.18,0.63,9.2,5
5217,red,9.6,0.77,0.12,2.9,0.082,30.0,74.0,0.99865,3.3,0.64,10.4,6
5740,red,10.6,0.5,0.45,2.6,0.119,34.0,68.0,0.99708,3.23,0.72,10.9,6
3628,white,6.4,0.38,0.2,5.3,0.117,57.0,181.0,0.99459,3.24,0.43,9.5,6
5497,red,12.7,0.59,0.45,2.3,0.082,11.0,22.0,1.0,3.0,0.7,9.3,6
3107,white,7.7,0.25,0.49,2.5,0.047,31.0,169.0,0.99252,3.07,0.57,10.6,6
1328,white,5.2,0.37,0.33,1.2,0.028,13.0,81.0,0.9902,3.37,0.38,11.7,6
4895,white,6.5,,0.19,1.2,0.041,30.0,111.0,0.99254,2.99,0.46,9.4,6
2560,white,6.9,0.32,0.26,2.3,0.03,11.0,103.0,0.99106,3.06,0.42,11.1,6
6287,red,6.7,0.48,0.02,2.2,0.08,36.0,111.0,0.99524,3.1,0.53,9.7,5
103,white,7.5,0.305,0.4,18.9,0.059,44.0,170.0,1.0,2.99,0.46,9.0,5
5307,red,12.5,0.46,0.49,4.5,0.07,26.0,49.0,0.9981,3.05,0.57,9.6,4
5527,red,7.6,0.685,0.23,2.3,0.111,20.0,84.0,0.9964,3.21,0.61,9.3,5
4054,white,7.2,0.17,0.28,17.55,0.05,33.0,154.0,0.99971,2.94,0.43,9.0,7
1538,white,6.0,0.17,0.49,1.0,0.034,26.0,106.0,0.992,3.21,0.42,9.8,6
1700,white,6.7,0.26,0.3,1.8,0.043,25.0,121.0,0.9944,3.44,0.61,10.2,6
1,white,6.3,0.3,0.34,1.6,0.049,14.0,132.0,0.994,3.3,0.49,9.5,6
1522,white,6.9,0.21,0.49,1.4,0.041,15.0,164.0,0.9927,3.25,0.63,11.0,5
1162,white,6.6,0.25,0.41,7.4,0.043,29.0,151.0,0.9946,3.15,0.6,10.2,7
4867,white,5.3,0.6,0.34,1.4,0.031,3.0,60.0,0.98854,3.27,0.38,13.0,6
2922,white,6.5,0.44,0.47,5.45,0.014,44.0,137.0,0.98984,3.13,0.32,13.0,8
4781,white,5.6,0.3,0.1,6.4,0.043,34.0,142.0,0.99382,3.14,0.48,9.8,5
6255,red,7.3,0.43,0.24,2.5,0.078,27.0,67.0,0.99648,3.6,0.59,11.1,6
5631,red,7.0,0.45,0.34,2.7,0.082,16.0,72.0,0.998,3.55,0.6,9.5,5
5402,red,10.5,0.24,0.42,1.8,0.077,6.0,22.0,0.9976,3.21,1.05,10.8,7
3922,white,6.7,0.31,0.3,2.4,0.038,30.0,83.0,0.98867,3.09,0.36,12.8,7
3284,white,8.0,0.34,0.25,6.4,0.035,38.0,103.0,0.99148,2.91,0.23,12.2,6
4297,white,7.0,0.2,0.35,8.8,0.037,31.0,103.0,0.99388,3.13,0.49,11.0,6
5318,red,9.5,0.56,0.33,2.4,0.089,35.0,67.0,0.9972,3.28,0.73,11.8,7
4376,white,6.1,0.34,0.21,5.0,0.042,17.0,133.0,0.99373,3.02,0.53,9.4,5
2378,white,9.4,0.23,0.56,16.45,0.063,52.5,282.0,1.00098,3.1,0.51,9.3,5
2455,white,7.8,0.32,0.33,10.4,0.031,47.0,194.0,0.99692,3.07,0.58,9.6,6
1690,white,9.0,0.43,0.3,1.5,0.05,7.0,175.0,0.9951,3.11,0.45,9.7,4
6271,red,7.7,0.75,0.27,3.8,0.11,34.0,89.0,0.99664,3.24,0.45,9.3,5
2435,white,6.4,0.35,0.35,5.6,0.034,9.0,148.0,0.99441,3.17,0.5,9.8,4
2886,white,6.6,0.41,0.31,1.6,0.042,18.0,101.0,0.99195,3.13,0.41,10.5,5
4911,red,7.8,0.61,0.29,1.6,0.114,9.0,29.0,0.9974,3.26,1.56,9.1,5
636,white,6.2,0.17,0.28,4.7,0.037,39.0,133.0,0.9931,3.41,0.46,10.8,7
643,white,6.4,0.24,0.28,11.5,0.05,34.0,163.0,0.9969,3.31,0.45,9.5,5
6342,red,7.3,0.67,0.02,2.2,0.072,31.0,92.0,0.99566,3.32,0.68,11.1,6
4209,white,6.6,0.23,0.32,1.7,0.024,26.0,102.0,0.99084,3.29,0.6,11.8,6
4559,white,6.9,0.22,0.32,9.3,0.04,22.0,110.0,0.9958,3.34,0.54,10.7,7
2518,white,7.1,0.12,0.3,3.1,0.018,15.0,37.0,0.99004,3.02,0.52,11.9,7
4576,white,5.9,0.3,0.29,1.1,0.036,23.0,56.0,0.9904,3.19,0.38,11.3,5
2688,white,7.2,0.19,0.27,11.2,0.061,46.0,149.0,0.99772,2.99,0.59,9.3,6
6258,red,9.2,0.54,0.31,2.3,0.112,11.0,38.0,0.99699,3.24,0.56,10.9,5
6309,red,6.4,0.47,0.4,2.4,0.071,8.0,19.0,0.9963,3.56,0.73,10.6,6
4984,red,8.6,0.49,0.28,1.9,0.11,20.0,136.0,0.9972,2.93,1.95,9.9,6
277,white,7.7,0.26,0.4,1.1,0.042,9.0,60.0,0.9915,2.89,0.5,10.6,5
3150,white,5.8,0.39,0.47,7.5,0.027,12.0,88.0,0.9907,3.38,0.45,14.0,6
1272,white,7.0,0.39,0.31,5.3,0.169,32.0,162.0,0.9965,3.2,0.48,9.4,5
1813,white,7.2,0.15,0.38,1.2,0.038,18.0,110.0,0.9917,3.19,0.43,11.1,6
2581,white,6.8,0.18,0.3,12.8,0.062,19.0,171.0,0.99808,3.0,0.52,9.0,7
368,white,,0.29,0.48,2.3,0.049,36.0,178.0,0.9931,3.17,0.64,10.6,6
2031,white,7.6,0.29,0.26,6.5,0.042,32.0,160.0,0.9944,3.14,0.47,10.7,5
1670,white,7.8,0.24,0.18,6.7,0.046,33.0,160.0,0.9963,3.2,0.56,9.8,6
5439,red,9.5,0.46,0.49,6.3,0.064,5.0,17.0,0.9988,3.21,0.73,11.0,6
5625,red,6.4,0.57,0.02,1.8,0.067,4.0,11.0,0.997,3.46,0.68,9.5,5
6355,red,7.6,0.49,0.33,1.9,0.074,27.0,85.0,0.99706,3.41,0.58,9.0,5
3334,white,6.6,0.425,0.25,2.35,0.034,23.0,87.0,0.99082,3.05,0.41,11.4,6
1431,white,6.1,0.22,0.49,1.5,0.051,18.0,87.0,0.9928,3.3,0.46,9.6,5
1833,white,7.4,0.49,0.24,15.1,0.03,34.0,153.0,0.9953,3.13,0.51,12.0,7
3151,white,6.2,0.23,0.36,17.2,0.039,37.0,130.0,0.99946,3.23,0.43,8.8,6
5409,red,10.0,0.59,0.31,2.2,0.09,26.0,62.0,0.9994,3.18,0.63,10.2,6
451,white,6.1,0.2,0.25,1.2,0.038,34.0,128.0,0.9921,3.24,0.44,10.1,5
3508,white,6.7,0.29,0.45,14.3,0.054,30.0,181.0,0.99869,3.14,0.57,9.1,5
2345,white,8.1,0.24,0.26,11.0,0.043,41.0,211.0,0.99676,3.11,0.49,10.0,6
6276,red,7.2,0.45,0.15,2.0,0.078,10.0,28.0,0.99609,3.29,0.51,9.9,6
1617,white,6.2,0.2,0.49,1.6,0.065,17.0,143.0,0.9937,3.22,0.52,9.2,6
5005,red,6.2,0.63,0.31,1.7,0.088,15.0,64.0,0.9969,3.46,0.79,9.3,5
4980,red,7.4,0.5,0.47,2.0,0.086,21.0,73.0,0.997,3.36,0.57,9.1,5
5906,red,8.9,0.35,0.4,3.6,0.11,12.0,24.0,0.99549,3.23,0.7,12.0,7
2917,white,7.1,0.36,0.4,1.95,0.033,26.0,118.0,0.98934,3.2,0.45,13.5,7
410,white,7.2,0.25,0.39,18.95,0.038,42.0,155.0,0.9999,2.97,0.47,9.0,6
2451,white,6.6,0.56,0.15,10.0,0.037,38.0,157.0,0.99642,3.28,0.52,9.4,5
3484,white,6.2,0.37,0.24,6.1,0.032,19.0,86.0,0.98934,3.04,0.26,13.4,8
3524,white,5.3,0.36,0.27,6.3,0.028,40.0,132.0,0.99186,3.37,0.4,11.6,6
4710,white,5.4,0.33,0.31,4.0,0.03,27.0,108.0,0.99031,3.3,0.43,12.2,7
333,white,6.5,0.28,0.34,9.9,0.038,30.0,133.0,0.9954,3.11,0.44,9.8,5
766,white,6.7,0.5,0.63,13.4,0.078,81.0,238.0,0.9988,3.08,0.44,9.2,5
2834,white,6.2,0.15,0.27,1.4,0.041,51.0,117.0,0.9909,3.28,0.38,11.2,6
5153,red,8.0,0.57,0.23,3.2,0.073,17.0,119.0,0.99675,3.26,0.57,9.3,5
4433,white,6.9,0.56,0.26,10.9,0.06,55.0,193.0,0.9969,3.21,0.44,9.4,5
1284,white,7.7,0.27,0.34,1.8,0.028,26.0,168.0,0.9911,2.99,0.48,12.1,7
2249,white,6.3,0.27,0.18,7.7,0.048,45.0,186.0,0.9962,3.23,0.47,9.0,5
1577,white,7.1,0.64,0.49,1.8,0.05,17.0,128.0,0.9946,3.31,0.58,10.6,4
3830,white,4.8,0.26,0.23,10.6,0.034,23.0,111.0,0.99274,3.46,0.28,11.5,7
2445,white,6.6,0.34,0.34,2.6,0.051,40.5,210.0,0.99314,3.15,0.61,10.0,5
3122,white,5.6,0.18,0.27,1.7,0.03,31.0,103.0,0.98892,3.35,0.37,12.9,6
2730,white,6.8,0.3,0.22,6.2,0.06,41.0,190.0,0.99858,3.18,0.51,9.2,5
317,white,6.6,0.24,0.35,7.7,0.031,36.0,135.0,0.9938,3.19,0.37,10.5,5
5279,red,13.7,0.415,0.68,2.9,0.085,17.0,43.0,1.0014,3.06,0.8,10.0,6
6371,red,6.1,0.6,0.08,1.8,0.071,14.0,45.0,0.99336,3.38,0.54,11.0,5
3538,white,6.5,0.28,0.25,4.8,0.029,54.0,128.0,0.99074,3.17,0.44,12.2,7
2110,white,6.5,0.22,0.25,17.1,0.05,44.0,138.0,1.0001,3.3,0.37,8.8,5
3512,white,6.3,0.21,0.31,1.2,0.043,30.0,117.0,0.99158,3.49,0.68,11.0,6
4554,white,6.0,0.23,0.34,1.3,0.025,23.0,111.0,0.98961,3.36,0.37,12.7,6
2715,white,7.8,0.25,0.28,7.2,0.04,46.0,179.0,0.99541,3.14,0.6,10.1,6
2739,white,6.8,0.32,0.28,4.8,0.034,25.0,100.0,0.99026,3.08,0.47,12.4,7
771,white,6.6,0.16,0.57,1.1,0.13,58.0,140.0,0.9927,3.12,0.39,9.3,7
3305,white,6.3,0.19,0.29,2.0,0.022,33.0,96.0,0.98902,3.04,0.54,12.8,7
2683,white,7.1,0.31,0.17,1.0,0.042,21.0,144.0,0.99304,3.13,0.4,9.6,5
6052,red,6.6,0.58,0.0,2.2,0.1,50.0,63.0,0.99544,3.59,0.68,11.4,6
4878,white,6.2,0.53,0.02,0.9,0.035,6.0,81.0,0.99234,3.24,0.35,9.5,4
4617,white,5.2,0.5,0.18,2.0,0.036,23.0,129.0,0.98949,3.36,0.77,13.4,7
2540,white,9.0,0.29,0.34,12.1,0.03,34.0,177.0,0.99706,3.13,0.47,10.6,5
6008,red,8.3,0.53,0.0,1.4,0.07,6.0,14.0,0.99593,3.25,0.64,10.0,6
1510,white,8.0,0.18,0.49,1.8,0.061,10.0,145.0,0.9942,3.23,0.48,10.0,5
171,white,7.9,0.19,0.45,1.5,0.045,17.0,96.0,0.9917,3.13,0.39,11.0,6
5080,red,7.2,0.73,0.02,2.5,0.076,16.0,42.0,0.9972,3.44,0.52,9.3,5
1133,white,8.7,0.22,0.42,2.3,0.053,27.0,114.0,0.994,2.99,0.43,10.0,5
5517,red,11.3,0.37,0.41,2.3,0.088,6.0,16.0,0.9988,3.09,0.8,9.3,5
217,white,5.8,0.26,0.24,9.2,0.044,55.0,152.0,0.9961,3.31,0.38,9.4,5
5018,red,7.3,1.07,0.09,1.7,0.178,10.0,89.0,0.9962,3.3,0.57,9.0,5
3706,white,6.6,0.15,0.34,1.0,0.037,45.0,79.0,0.98949,2.96,0.5,11.7,6
698,white,7.5,0.31,0.51,14.8,0.039,62.0,204.0,0.9982,3.06,0.6,9.5,5
5001,red,8.1,0.575,0.22,2.1,0.077,12.0,65.0,0.9967,3.29,0.51,9.2,5
2634,white,8.7,0.31,0.73,14.35,0.044,27.0,191.0,1.00013,2.96,0.88,8.7,5
3081,white,6.2,0.25,0.54,7.0,0.046,58.0,176.0,0.99454,3.19,0.7,10.4,5
598,white,5.9,0.27,0.29,11.4,0.036,31.0,115.0,0.9949,3.35,0.48,10.5,8
5617,red,7.1,0.66,0.0,3.9,0.086,17.0,45.0,0.9976,3.46,0.54,9.5,5
5390,red,8.9,0.4,0.51,2.6,0.052,13.0,27.0,0.995,3.32,0.9,13.4,7
4547,white,5.9,0.29,0.32,1.4,0.022,17.0,47.0,0.9899,3.35,0.35,11.5,6
64,white,7.2,0.24,0.27,1.4,0.038,31.0,122.0,0.9927,3.15,0.46,10.3,6
4819,white,5.7,0.4,0.35,5.1,0.026,17.0,113.0,0.99052,3.18,0.67,12.4,6
5474,red,9.9,0.5,0.24,2.3,0.103,6.0,14.0,0.9978,3.34,0.52,10.0,4
4837,white,6.5,0.28,0.38,7.8,0.031,54.0,216.0,0.99154,3.03,0.42,13.1,6
732,white,8.8,0.28,0.45,6.0,0.022,14.0,49.0,0.9934,3.01,0.33,11.1,7
816,white,8.4,0.18,0.42,5.1,0.036,7.0,77.0,0.9939,3.16,0.52,11.7,5
5879,red,9.5,0.86,0.26,1.9,0.079,13.0,28.0,0.99712,3.25,0.62,10.0,5
804,white,7.3,0.32,0.34,6.6,0.032,24.0,112.0,0.99505,3.22,0.46,9.8,6
5621,red,7.1,0.31,0.3,2.2,0.053,36.0,127.0,0.9965,2.94,1.62,9.5,5
150,white,7.9,0.22,0.38,8.0,0.043,46.0,152.0,0.9934,3.12,0.32,11.5,7
4003,white,6.8,0.14,0.35,1.5,0.047,40.0,117.0,0.99111,3.07,0.72,11.1,6
5126,red,7.7,0.43,0.25,2.6,0.073,29.0,63.0,0.99615,3.37,0.58,10.5,6
1683,white,7.2,0.25,0.28,14.4,0.055,55.0,205.0,0.9986,3.12,0.38,9.0,7
2439,white,7.3,0.27,0.37,9.7,0.042,36.0,130.0,0.9979,3.48,0.75,9.9,6
3743,white,7.0,0.15,0.28,14.7,0.051,29.0,149.0,0.99792,2.96,0.39,9.0,7
4748,white,6.1,0.34,0.24,18.35,0.05,33.0,184.0,0.99943,3.12,0.61,9.3,5
4230,white,6.0,0.22,0.23,5.0,0.045,10.0,122.0,0.99261,2.94,0.63,10.0,6
4284,white,6.0,0.2,0.26,6.8,0.049,22.0,93.0,0.9928,3.15,0.42,11.0,6
5611,red,8.0,0.43,0.36,2.3,0.075,10.0,48.0,0.9976,3.34,0.46,9.4,5
212,white,7.0,0.16,0.32,8.3,0.045,38.0,126.0,0.9958,3.21,0.34,9.2,5
3556,white,4.8,0.21,0.21,10.2,0.037,17.0,112.0,0.99324,3.66,0.48,12.2,7
578,white,6.5,0.28,0.29,2.7,0.038,26.0,107.0,0.9912,3.32,0.41,11.6,7
5416,red,10.9,0.21,0.49,2.8,0.088,11.0,32.0,0.9972,3.22,0.68,11.7,6
5226,red,13.4,0.27,0.62,2.6,0.082,6.0,21.0,1.0002,3.16,0.67,9.7,6
384,white,6.0,0.36,0.39,3.2,0.027,20.0,125.0,0.991,3.38,0.39,11.3,7
5843,red,10.2,0.44,0.42,2.0,0.071,7.0,20.0,0.99566,3.14,0.79,11.1,7
1896,white,7.5,0.29,0.67,8.1,0.037,53.0,166.0,0.9966,2.9,0.41,8.9,6
2865,white,5.6,0.19,0.46,1.1,0.032,33.0,115.0,0.9909,3.36,0.5,10.4,6
3655,white,6.8,0.52,0.26,5.7,0.038,27.0,130.0,0.99,3.11,0.27,13.0,7
5359,red,8.3,0.615,0.22,2.6,0.087,6.0,19.0,0.9982,3.26,0.61,9.3,5
2726,white,5.3,0.2,0.31,3.6,0.036,22.0,91.0,0.99278,3.41,0.5,9.8,6
610,white,6.5,0.36,0.28,3.2,0.037,29.0,119.0,0.9908,3.25,0.65,12.4,8
4651,white,5.7,0.39,0.25,4.9,0.033,49.0,113.0,0.98966,3.26,0.58,13.1,7
3752,white,6.5,0.26,0.34,1.4,0.04,25.0,184.0,0.99216,3.29,0.46,10.7,5
5790,red,10.1,0.45,0.23,1.9,0.082,10.0,18.0,0.99774,3.22,0.65,9.3,6
2898,white,8.6,0.18,0.28,0.8,0.032,25.0,78.0,0.99104,2.99,0.38,11.1,5
2515,white,7.1,0.12,0.3,3.1,0.018,15.0,37.0,0.99004,3.02,0.52,11.9,7
2442,white,7.6,0.285,0.32,14.6,0.063,32.0,201.0,0.998,3.0,0.45,9.2,5
346,white,5.6,0.34,0.1,1.3,0.031,20.0,68.0,0.9906,3.36,0.51,11.2,7
376,white,6.4,0.31,0.28,1.5,0.037,12.0,119.0,0.9919,3.32,0.51,10.4,7
1674,white,6.8,0.22,0.29,8.9,0.046,82.0,188.0,0.9955,3.3,0.44,10.3,6
6156,red,6.8,0.64,0.0,2.7,0.123,15.0,33.0,0.99538,3.44,0.63,11.3,6
478,white,7.1,0.55,0.13,1.7,0.073,21.0,165.0,0.994,2.97,0.58,9.2,6
3364,white,6.0,0.2,0.26,1.1,0.033,38.0,67.0,0.98954,3.14,0.38,11.5,6
6197,red,7.6,1.58,0.0,2.1,0.137,5.0,9.0,0.99476,3.5,0.4,10.9,3
5458,red,12.7,0.6,0.49,2.8,0.075,5.0,19.0,0.9994,3.14,0.57,11.4,5
4480,white,5.9,0.22,0.45,22.6,0.12,55.0,122.0,0.99636,3.1,0.35,12.8,5
6071,red,7.6,0.36,0.31,1.7,0.079,26.0,65.0,0.99716,3.46,0.62,9.5,6
2986,white,6.7,0.18,0.28,10.2,0.039,29.0,115.0,0.99469,3.11,0.45,10.9,7
1045,white,7.3,0.15,0.4,2.0,0.05,24.0,92.0,0.9932,3.14,0.45,10.5,5
3331,white,6.8,0.23,0.32,8.6,0.046,47.0,159.0,0.99452,3.08,0.52,10.5,6
1437,white,8.2,0.18,0.49,1.1,0.033,28.0,81.0,0.9923,3.0,0.68,10.4,7
5478,red,12.3,0.5,0.49,2.2,0.089,5.0,14.0,1.0002,3.19,0.44,9.6,5
2824,white,7.2,0.26,0.4,6.3,0.047,52.0,172.0,0.99573,3.18,0.53,9.5,6
3779,white,6.5,0.32,0.45,7.7,0.022,31.0,97.0,0.99134,3.2,0.7,12.7,7
4014,white,6.5,0.18,0.48,18.0,0.054,56.0,183.0,1.00038,2.98,0.61,8.5,6
6350,red,6.6,0.58,0.02,2.0,0.062,37.0,53.0,0.99374,3.35,0.76,11.6,7
3120,white,6.2,0.25,0.42,8.0,0.049,53.0,206.0,0.99586,3.16,0.47,9.1,6
2293,white,7.3,0.4,0.28,6.5,0.037,26.0,97.0,0.99148,3.16,0.58,12.6,7
1744,white,6.6,0.22,0.58,1.1,0.133,52.0,136.0,0.9932,3.1,0.3,9.1,5
5482,red,11.8,0.33,0.49,3.4,0.093,54.0,80.0,1.0002,3.3,0.76,10.7,7
4478,white,6.4,0.32,0.26,7.9,0.05,53.0,180.0,0.99514,3.14,0.5,9.6,5
96,white,6.0,0.34,0.66,15.9,0.046,26.0,164.0,0.9979,3.14,0.5,8.8,6
3488,white,7.8,0.2,0.2,1.4,0.036,25.0,83.0,0.99088,3.03,0.46,11.7,6
2123,white,6.8,0.25,0.27,10.7,0.076,47.0,154.0,0.9967,3.05,0.38,9.0,5
4486,white,6.4,0.15,0.25,7.8,0.05,13.0,68.0,0.99394,3.16,0.4,9.9,6
3252,white,7.1,0.26,0.37,5.5,0.025,31.0,105.0,0.99082,3.06,0.33,12.6,8
468,white,7.2,0.39,0.62,11.0,0.047,66.0,178.0,0.9976,3.16,0.5,8.7,5
2938,white,7.0,0.12,0.29,10.3,0.039,41.0,98.0,0.99564,3.19,0.38,9.8,8
2950,white,6.0,0.28,0.25,1.8,0.042,8.0,108.0,0.9929,3.08,0.55,9.0,5
3319,white,5.1,0.21,0.28,1.4,0.047,48.0,148.0,0.99168,3.5,0.49,10.4,5
1155,white,7.6,0.33,0.36,2.1,0.034,26.0,172.0,0.9944,3.42,0.48,10.5,4
2300,white,7.3,0.3,0.33,2.3,0.043,28.0,125.0,0.99084,3.34,0.44,12.6,7
4260,white,6.2,0.36,0.22,5.25,0.038,44.0,145.0,0.99184,3.22,0.4,11.2,6
3513,white,7.9,0.35,0.28,12.9,0.032,13.0,63.0,0.9932,2.99,0.43,13.0,6
3058,white,6.2,0.25,0.38,7.9,0.045,54.0,208.0,0.99572,3.17,0.46,9.1,5
4920,red,7.9,0.43,0.21,1.6,0.106,10.0,37.0,0.9966,3.17,0.91,9.5,5
4392,white,6.2,0.25,0.44,15.8,0.057,39.0,167.0,0.99804,3.14,0.51,9.2,5
928,white,6.5,0.25,0.35,12.0,0.055,47.0,179.0,0.998,3.58,0.47,10.0,5
2985,white,6.7,0.18,0.28,10.2,0.039,29.0,115.0,0.99469,3.11,0.45,10.9,7
1563,white,7.8,0.3,0.74,1.8,0.033,33.0,156.0,0.991,3.29,0.52,12.8,6
1588,white,7.3,0.3,0.74,13.5,0.039,46.0,165.0,0.9982,3.02,0.4,8.7,5
1976,white,6.8,0.28,0.37,7.0,0.057,35.0,208.0,0.9973,3.57,0.55,10.2,5
4242,white,5.9,0.22,0.29,4.2,0.037,69.0,144.0,0.99214,3.13,0.74,10.8,7
5058,red,7.6,0.95,0.03,2.0,0.09,7.0,20.0,0.9959,3.2,0.56,9.6,5
3245,white,7.6,0.27,0.29,2.5,0.059,37.0,115.0,0.99328,3.09,0.37,9.8,5
401,white,6.8,0.37,0.51,11.8,0.044,62.0,163.0,0.9976,3.19,0.44,8.8,5
3195,white,7.0,0.21,0.42,5.3,0.037,36.0,123.0,0.99321,3.14,0.52,10.9,6
5231,red,8.4,0.56,0.08,2.1,0.105,16.0,44.0,0.9958,3.13,0.52,11.0,5
1878,white,8.0,0.25,0.26,14.0,0.043,41.0,248.0,0.9986,3.03,0.57,8.7,6
5019,red,8.8,0.55,0.04,2.2,0.119,14.0,56.0,0.9962,3.21,0.6,10.9,6
2916,white,6.0,0.44,0.26,3.1,0.053,57.0,128.0,0.98982,3.22,0.39,12.7,6
5668,red,7.1,0.59,0.02,2.3,0.082,24.0,94.0,0.99744,3.55,0.53,9.7,6
241,white,7.7,0.31,0.26,7.8,0.031,23.0,90.0,0.9944,3.13,0.5,10.4,5
3612,white,6.8,0.16,0.18,1.8,0.046,31.0,114.0,0.99226,3.27,0.55,10.8,6
4821,white,7.0,0.24,0.47,1.3,0.043,18.0,131.0,0.99176,3.19,0.45,11.0,6
1066,white,6.4,0.3,0.51,5.5,0.048,62.0,172.0,0.9942,3.08,0.45,9.1,6
953,white,8.2,0.23,0.37,1.3,0.042,39.0,117.0,0.9928,2.99,0.36,10.0,5
1429,white,6.1,0.22,0.49,1.5,0.051,18.0,87.0,0.9928,3.3,0.46,9.6,5
3158,white,7.1,0.36,0.37,4.8,0.019,39.0,114.0,0.99036,3.08,0.49,12.7,7
1003,white,6.9,0.24,0.39,1.3,0.063,18.0,136.0,0.9928,3.31,0.48,10.4,7
2676,white,7.6,0.1,0.33,1.0,0.031,33.0,93.0,0.99094,3.06,0.68,11.2,6
4403,white,5.2,0.22,0.46,6.2,0.066,41.0,187.0,0.99362,3.19,0.42,9.733333333,5
1206,white,7.0,0.26,0.46,15.55,0.037,61.0,171.0,0.9986,2.94,0.35,8.8,6
1548,white,7.1,0.36,0.24,1.8,0.025,32.0,102.0,0.9903,3.34,0.59,12.8,6
4313,white,6.4,0.27,0.3,1.6,0.04,19.0,86.0,0.99089,3.32,0.65,11.5,6
3130,white,6.5,0.33,0.38,2.5,0.047,30.0,148.0,0.98964,3.17,0.43,12.7,6
4807,white,6.0,0.17,0.3,7.3,0.039,39.0,104.0,0.99252,2.91,0.57,11.0,6
1309,white,9.4,0.17,0.55,1.6,0.049,14.0,94.0,0.9949,3.02,0.61,10.3,6
576,white,8.2,0.23,0.29,1.8,0.047,47.0,187.0,0.9933,3.13,0.5,10.2,6
4320,white,6.4,0.26,0.35,7.7,0.056,45.0,191.0,0.99527,3.16,0.5,9.5,5
4342,white,5.7,0.28,0.35,1.2,0.052,39.0,141.0,0.99108,3.44,0.69,11.3,6
5685,red,10.0,0.56,0.24,2.2,0.079,19.0,58.0,0.9991,3.18,0.56,10.1,6
3692,white,7.1,0.2,0.27,9.6,0.037,19.0,105.0,0.99444,3.04,0.37,10.5,7
1119,white,6.4,0.5,0.16,12.9,0.042,26.0,138.0,0.9974,3.28,0.33,9.0,5
6137,red,6.5,0.67,0.0,4.3,0.057,11.0,20.0,0.99488,3.45,0.56,11.8,4
3445,white,6.6,0.15,0.32,6.0,0.033,59.0,128.0,0.99192,3.19,0.71,12.1,8
4384,white,6.4,0.26,0.21,8.2,0.05,51.0,182.0,0.99542,3.23,0.48,9.5,5
4018,white,6.4,0.18,0.48,18.0,0.054,56.0,183.0,1.00038,2.98,0.61,8.5,6
970,white,5.1,0.42,0.01,1.5,0.017,25.0,102.0,0.9894,3.38,0.36,12.3,7
1792,white,7.8,0.22,0.36,1.4,0.056,21.0,153.0,0.993,3.2,0.53,10.4,6
72,white,6.0,0.27,0.28,4.8,0.063,31.0,201.0,0.9964,3.69,0.71,10.0,5
2454,white,7.1,0.29,0.3,16.0,0.036,58.0,201.0,0.99954,3.3,0.67,9.0,5
396,white,8.2,0.28,0.42,1.8,0.031,30.0,93.0,0.9917,3.09,0.39,11.4,5
5827,red,8.7,0.33,0.38,3.3,0.063,10.0,19.0,0.99468,3.3,0.73,12.0,7
669,white,6.4,0.24,0.5,11.6,0.047,60.0,211.0,0.9966,3.18,0.57,9.3,5
3735,white,6.1,0.22,0.46,1.8,0.16,34.0,74.0,0.9884,3.19,0.33,13.4,6
3154,white,7.2,0.4,0.38,2.2,0.03,40.0,109.0,0.99075,3.27,0.46,12.6,6
67,white,6.7,0.25,0.13,1.2,0.041,81.0,174.0,0.992,3.14,0.42,9.8,5
137,white,7.1,0.37,0.67,10.5,0.045,49.0,155.0,0.9975,3.16,0.44,8.7,5
6181,red,8.7,0.63,0.28,2.7,0.096,17.0,69.0,0.99734,3.26,0.63,10.2,6
4519,white,5.8,0.13,0.22,12.7,0.058,24.0,183.0,0.9956,3.32,0.42,11.7,6
5818,red,9.6,0.41,0.37,2.3,0.091,10.0,23.0,0.99786,3.24,0.56,10.5,5
4334,white,7.3,0.19,0.27,13.9,0.057,45.0,155.0,0.99807,2.94,0.41,8.8,8
6115,red,8.2,0.34,0.37,1.9,0.057,43.0,74.0,0.99408,3.23,0.81,12.0,6
3326,white,6.6,0.17,0.28,1.8,0.042,62.0,178.0,0.99204,3.15,0.42,10.2,5
3609,white,7.0,0.16,0.25,14.3,0.044,27.0,149.0,0.998,2.91,0.46,9.2,6
6029,red,5.9,0.19,0.21,1.7,0.045,57.0,135.0,0.99341,3.32,0.44,9.5,5
6432,red,6.6,0.56,0.14,2.4,0.064,13.0,29.0,0.99397,3.42,0.62,11.7,7
314,white,5.8,0.34,0.21,6.6,0.04,50.0,167.0,0.9941,3.29,0.62,10.0,5
4654,white,6.0,0.29,0.41,10.8,0.048,55.0,149.0,0.9937,3.09,0.59,10.96666667,7
2363,white,6.7,0.24,0.26,12.6,0.053,44.0,182.0,0.99802,3.42,0.42,9.7,5
6149,red,7.5,0.58,0.14,2.2,0.077,27.0,60.0,0.9963,3.28,0.59,9.8,5
5833,red,8.8,0.3,0.38,2.3,0.06,19.0,72.0,0.99543,3.39,0.72,11.8,6
5301,red,11.4,0.6,0.49,2.7,0.085,10.0,41.0,0.9994,3.15,0.63,10.5,6
246,white,6.8,0.21,0.27,2.1,0.03,26.0,139.0,0.99,3.16,0.61,12.6,7
2340,white,7.7,0.29,0.29,4.8,0.06,27.0,156.0,0.99572,3.49,0.59,10.3,6
2940,white,7.1,0.29,0.34,7.8,0.036,49.0,128.0,0.99397,3.21,0.4,10.7,6
3751,white,5.5,0.17,0.23,2.9,0.039,10.0,108.0,0.99243,3.28,0.5,10.0,5
391,white,6.5,0.36,0.32,1.1,0.031,13.0,66.0,0.9916,3.1,0.46,10.6,5
2717,white,6.8,0.16,0.29,10.4,0.046,59.0,143.0,0.99518,3.2,0.4,10.8,6
2335,white,8.3,0.27,0.34,10.2,0.048,50.0,118.0,0.99716,3.18,0.51,10.3,5
6279,red,6.8,0.83,0.09,1.8,0.074,4.0,25.0,0.99534,3.38,0.45,9.6,5
3996,white,6.7,0.28,0.34,8.9,0.048,32.0,111.0,0.99455,3.25,0.54,11.0,7
2280,white,6.4,0.16,0.25,1.3,0.047,20.0,77.0,0.9933,3.61,0.54,10.2,6
1540,white,7.1,0.18,0.74,15.6,0.044,44.0,176.0,0.9996,3.38,0.67,9.0,6
927,white,6.7,0.25,0.33,2.9,0.057,52.0,173.0,0.9934,3.02,0.48,9.5,7
4649,white,5.7,0.695,0.06,6.8,0.042,9.0,84.0,0.99432,3.44,0.44,10.2,5
3860,white,7.3,0.25,0.26,7.2,0.048,52.0,207.0,0.99587,3.12,0.37,9.2,5
4989,red,8.6,0.49,0.28,1.9,0.11,20.0,136.0,0.9972,2.93,1.95,9.9,6
6429,red,,0.705,0.1,2.8,0.081,13.0,28.0,0.99631,,0.66,10.2,5
4731,white,5.3,0.31,0.38,10.5,0.031,53.0,140.0,0.99321,3.34,0.46,11.7,6
2702,white,6.5,0.23,0.36,16.3,0.038,43.0,133.0,0.99924,3.26,0.41,8.8,5
2170,white,7.4,0.19,0.3,12.8,0.053,48.5,229.0,0.9986,3.14,0.49,9.1,7
283,white,6.7,0.34,0.3,15.6,0.054,51.0,196.0,0.9982,3.19,0.49,9.3,5
2260,white,7.6,0.48,0.28,10.4,0.049,57.0,205.0,0.99748,3.24,0.45,9.3,5
1750,white,7.4,0.18,0.3,10.4,0.045,44.0,174.0,0.9966,3.11,0.57,9.7,6
1525,white,7.2,0.27,0.74,12.5,0.037,47.0,156.0,0.9981,3.04,0.44,8.7,5
1642,white,7.3,0.19,0.49,15.55,0.058,50.0,134.0,0.9998,3.42,0.36,9.1,7
5345,red,9.3,0.48,0.29,2.1,0.127,6.0,16.0,0.9968,3.22,0.72,11.2,5
996,white,6.0,0.26,0.34,1.3,0.046,6.0,29.0,0.9924,3.29,0.63,10.4,5
2731,white,7.9,0.51,0.36,6.2,0.051,30.0,173.0,0.9984,3.09,0.53,9.7,5
5981,red,8.7,0.42,0.45,2.4,0.072,32.0,59.0,0.99617,3.33,0.77,12.0,6
3623,white,6.8,0.45,0.28,26.05,0.031,27.0,122.0,1.00295,3.06,0.42,10.6,6
6012,red,5.0,0.4,0.5,4.3,0.046,29.0,80.0,0.9902,3.49,0.66,13.6,6
1997,white,8.4,0.2,0.38,11.8,0.055,51.0,170.0,1.0004,3.34,0.82,8.9,6
5825,red,8.4,0.67,0.19,2.2,0.093,11.0,75.0,0.99736,3.2,0.59,9.2,4
5748,red,9.3,0.43,0.44,1.9,0.085,9.0,22.0,0.99708,3.28,0.55,9.5,5
5367,red,8.7,0.82,0.02,1.2,0.07,36.0,48.0,0.9952,3.2,0.58,9.8,5
6164,red,7.2,0.57,0.05,2.3,0.081,16.0,36.0,0.99564,3.38,0.6,10.3,6
4751,white,7.3,0.36,0.62,7.1,0.033,48.0,185.0,0.99472,3.14,0.62,10.6,6
4039,white,6.1,1.1,0.16,4.4,0.033,8.0,109.0,0.99058,3.35,0.47,12.4,4
5524,red,8.8,0.6,0.29,2.2,0.098,5.0,15.0,0.9988,3.36,0.49,9.1,5
5504,red,9.4,0.41,0.48,4.6,0.072,10.0,20.0,0.9973,3.34,0.79,12.2,7
1798,white,6.8,0.23,0.29,15.4,0.073,56.0,173.0,0.9984,3.06,0.41,8.7,6
5841,red,9.8,0.5,0.34,2.3,0.094,10.0,45.0,0.99864,3.24,0.6,9.7,7
4046,white,7.2,0.17,0.28,17.55,0.05,33.0,154.0,0.99971,2.94,0.43,9.0,7
1948,white,7.2,0.19,0.31,1.4,0.046,37.0,135.0,0.9939,3.34,0.57,10.2,7
3999,white,6.4,0.24,0.49,5.8,0.053,25.0,120.0,0.9942,3.01,0.98,10.5,6
1099,white,5.8,0.29,0.21,2.6,0.025,12.0,120.0,0.9894,3.39,0.79,14.0,7
4874,white,5.6,0.2,0.36,2.5,0.048,16.0,125.0,0.99282,3.49,0.49,10.0,6
3810,white,6.8,0.26,0.34,15.1,0.06,42.0,162.0,0.99705,3.24,0.52,10.5,3
6155,red,7.0,0.58,0.28,4.8,0.085,12.0,69.0,0.99633,3.32,0.7,11.0,6
2382,white,6.9,0.15,0.28,4.4,0.029,14.0,107.0,0.99347,3.24,0.46,10.4,8
4202,white,6.7,0.24,0.31,2.3,0.044,37.0,113.0,0.99013,3.29,0.46,12.9,6
1095,white,5.3,0.24,0.33,1.3,0.033,25.0,97.0,0.9906,3.59,0.38,11.0,8
3982,white,6.1,0.24,0.26,1.7,0.033,61.0,134.0,0.9903,3.19,0.81,11.9,7
2334,white,7.5,0.23,0.35,17.8,0.058,128.0,212.0,1.00241,3.44,0.43,8.9,5
789,white,7.6,0.3,0.27,10.6,0.039,31.0,119.0,0.99815,3.27,0.3,9.3,6
5975,red,8.6,0.37,0.65,6.4,0.08,3.0,8.0,0.99817,3.27,0.58,11.0,5
6383,red,7.0,0.655,0.16,2.1,0.074,8.0,25.0,0.99606,3.37,0.55,9.7,5
4115,white,7.3,0.26,0.32,1.2,0.041,29.0,94.0,0.98978,3.07,0.45,12.0,6
3777,white,6.5,0.33,0.28,6.1,0.018,41.0,103.0,0.99122,3.24,0.32,12.2,6
4437,white,6.5,0.29,0.3,9.15,0.051,25.0,166.0,0.99339,3.24,0.56,11.35,6
3341,white,7.6,0.17,0.27,4.6,0.05,23.0,98.0,0.99422,3.08,0.47,9.5,6
2667,white,6.6,0.12,0.25,1.4,0.039,21.0,131.0,0.99114,3.2,0.45,11.2,7
1946,white,6.4,0.22,0.32,12.0,0.066,57.0,158.0,0.9992,3.6,0.43,9.0,6
2298,white,6.3,0.41,0.18,3.5,0.027,23.0,109.0,0.99018,3.34,0.54,12.8,8
1420,white,9.2,0.28,0.49,11.8,0.042,29.0,137.0,0.998,3.1,0.34,10.1,4
3324,white,6.9,0.17,0.3,2.0,0.047,13.0,117.0,0.99152,3.16,0.51,11.6,6
3856,white,5.9,0.2,0.23,1.5,0.037,38.0,93.0,0.99021,3.36,0.49,12.0,6
2267,white,6.6,0.19,0.43,10.9,0.045,53.0,154.0,0.99752,3.52,0.77,10.4,6
1855,white,8.0,0.22,0.28,14.0,0.053,83.0,197.0,0.9981,3.14,0.45,9.8,6
5271,red,7.4,0.55,0.22,2.2,0.106,12.0,72.0,0.9959,3.05,0.63,9.2,5
4011,white,6.0,0.26,0.29,3.1,0.041,37.0,144.0,0.98944,3.22,0.39,12.8,7
3648,white,7.3,0.31,0.25,6.65,0.032,30.0,138.0,0.99244,2.9,0.37,11.1,5
3092,white,7.6,0.27,0.52,3.2,0.043,28.0,152.0,0.99129,3.02,0.53,11.4,6
3952,white,7.0,0.16,0.3,2.6,0.043,34.0,90.0,0.99047,2.88,0.47,11.2,6
6039,red,8.2,0.38,0.32,2.5,0.08,24.0,71.0,0.99624,3.27,0.85,11.0,6
2453,white,6.3,0.2,0.26,1.6,0.027,36.0,141.0,0.99268,3.53,0.56,10.8,6
5869,red,10.4,0.26,0.48,1.9,0.066,6.0,10.0,0.99724,3.33,0.87,10.9,6
4191,white,7.8,0.27,0.35,1.2,0.05,36.0,140.0,0.99138,3.09,0.45,11.2,5
5639,red,9.2,0.53,0.24,2.6,0.078,28.0,139.0,0.99788,3.21,0.57,9.5,5
1400,white,7.3,0.25,0.36,13.1,0.05,35.0,200.0,0.9986,3.04,0.46,8.9,7
2351,white,7.9,0.25,0.34,11.4,0.04,53.0,202.0,0.99708,3.11,0.57,9.6,6
5645,red,8.6,0.33,0.4,2.6,0.083,16.0,68.0,0.99782,3.3,0.48,9.4,5
722,white,6.9,0.31,0.34,1.6,0.032,23.0,128.0,0.9917,3.37,0.47,11.7,6
3791,white,6.5,0.26,0.5,8.0,0.051,46.0,197.0,0.99536,3.18,0.47,9.5,5
4696,white,6.1,0.15,0.4,1.2,0.03,19.0,84.0,0.98926,3.19,0.96,13.0,6
718,white,6.2,0.21,0.27,1.7,0.038,41.0,150.0,0.9933,3.49,0.71,10.5,7
416,white,7.4,0.21,0.27,1.2,0.041,27.0,99.0,0.9927,3.19,0.33,9.8,6
797,white,6.9,0.24,0.33,12.5,0.046,47.0,153.0,0.9983,3.28,0.77,9.6,6
2999,white,6.8,0.18,0.28,9.8,0.039,29.0,113.0,0.99406,3.11,0.45,10.9,7
1726,white,7.0,0.3,0.32,6.4,0.034,28.0,97.0,0.9924,3.23,0.44,11.8,6
2762,white,7.3,0.32,0.35,1.4,0.05,8.0,163.0,0.99244,3.24,0.42,10.7,5
5791,red,7.2,0.66,0.03,2.3,0.078,16.0,86.0,0.99743,3.53,0.57,9.7,5
4882,white,5.5,0.32,0.13,1.3,0.037,45.0,156.0,0.99184,3.26,0.38,10.7,5
6015,red,7.0,0.69,0.07,2.5,0.091,15.0,21.0,0.99572,3.38,0.6,11.3,6
5054,red,7.1,0.43,0.42,5.5,0.07,29.0,129.0,0.9973,3.42,0.72,10.5,5
3637,white,8.7,0.3,0.34,4.8,0.018,23.0,127.0,0.99474,3.12,0.49,11.2,7
4947,red,5.6,0.31,0.37,1.4,0.074,12.0,96.0,0.9954,3.32,0.58,9.2,5
1543,white,7.3,0.14,0.49,1.1,0.038,28.0,99.0,0.9928,3.2,0.72,10.6,6
3720,white,6.3,0.34,0.27,2.5,0.024,40.0,152.0,0.99095,3.35,0.6,11.9,7
2871,white,6.7,0.15,0.38,1.7,0.037,20.0,84.0,0.99046,3.09,0.53,11.4,6
6391,red,7.7,0.54,0.26,1.9,0.089,23.0,147.0,0.99636,3.26,0.59,9.7,5
2552,white,6.6,0.36,0.52,11.3,0.046,8.0,110.0,0.9966,3.07,0.46,9.4,5
1665,white,6.5,0.13,0.37,1.0,0.036,48.0,114.0,0.9911,3.41,0.51,11.5,8
2221,white,8.5,0.28,0.34,13.8,0.041,32.0,161.0,0.9981,3.13,0.4,9.9,6
919,white,8.6,0.18,0.4,1.1,0.04,20.0,107.0,0.9923,2.94,0.32,10.2,7
3806,white,7.0,0.39,0.21,10.7,0.098,13.0,91.0,0.99657,3.03,0.47,9.3,5
1295,white,7.5,0.23,0.32,9.2,0.038,54.0,191.0,0.9966,3.04,0.56,9.7,6
6357,red,7.9,0.2,0.35,1.7,0.054,7.0,15.0,0.99458,3.32,0.8,11.9,7
2214,white,7.1,0.26,0.3,2.0,0.031,13.0,128.0,0.9917,3.19,0.49,11.4,5
3470,white,6.7,0.24,0.3,3.85,0.042,105.0,179.0,0.99189,3.04,0.59,11.3,8
3564,white,6.6,0.64,0.28,4.4,0.032,19.0,78.0,0.99036,3.11,0.62,12.9,6
1216,white,8.2,0.37,0.36,1.0,0.034,17.0,93.0,0.9906,3.04,0.32,11.7,8
4539,white,8.3,0.14,0.36,8.8,0.026,13.0,60.0,0.9956,3.13,0.35,11.05,5
6435,red,5.4,0.58,0.08,1.9,0.059,20.0,31.0,0.99484,3.5,0.64,10.2,6
130,white,5.7,0.26,0.25,10.4,0.02,7.0,57.0,0.994,3.39,0.37,10.6,5
4624,white,6.4,0.4,0.25,4.2,0.032,15.0,91.0,0.98988,3.26,0.52,13.1,6
330,white,6.4,0.32,0.35,4.8,0.03,34.0,101.0,0.9912,3.36,0.6,12.5,8
4257,white,5.8,0.32,0.23,1.5,0.033,39.0,121.0,0.9887,2.96,0.35,12.0,5
2420,white,8.1,0.4,0.32,7.9,0.031,23.0,118.0,0.99176,3.05,0.46,13.3,7
3854,white,5.9,0.12,0.27,4.8,0.03,40.0,110.0,0.99226,3.55,0.68,12.1,6
4414,white,7.1,0.27,0.27,10.4,0.041,26.0,114.0,0.99335,3.04,0.52,11.5,7
1544,white,8.9,0.13,0.49,1.0,0.028,6.0,24.0,0.9926,2.91,0.32,9.9,5
5744,red,6.4,0.64,0.21,1.8,0.081,14.0,31.0,0.99689,3.59,0.66,9.8,5
5782,red,8.8,0.61,0.19,4.0,0.094,30.0,69.0,0.99787,3.22,0.5,10.0,6
4358,white,6.5,0.23,0.2,7.5,0.05,44.0,179.0,0.99504,3.18,0.48,9.533333333,5
5745,red,7.4,0.68,0.16,1.8,0.078,12.0,39.0,0.9977,3.5,0.7,9.9,6
1471,white,7.8,0.43,0.49,13.0,0.033,37.0,158.0,0.9955,3.14,0.35,11.3,6
6424,red,6.8,0.47,0.08,2.2,0.064,18.0,38.0,0.99553,3.3,0.65,9.6,6
5616,red,8.4,0.56,0.04,2.0,0.082,10.0,22.0,0.9976,3.22,0.44,9.6,5
347,white,6.7,0.19,0.41,15.6,0.056,75.0,155.0,0.9995,3.2,0.44,8.8,6
5795,red,7.1,0.59,0.01,2.3,0.08,27.0,43.0,0.9955,3.42,0.58,10.7,6
1595,white,6.4,0.27,0.49,7.3,0.046,53.0,206.0,0.9956,3.24,0.43,9.2,6
6114,red,7.9,0.57,0.31,2.0,0.079,10.0,79.0,0.99677,3.29,0.69,9.5,6
6337,red,7.3,0.67,0.02,2.2,0.072,31.0,92.0,0.99566,3.32,0.68,11.06666667,6
1110,white,7.2,0.37,0.15,2.0,0.029,27.0,87.0,0.9903,3.3,0.59,12.6,7
5062,red,7.3,0.59,0.26,7.2,0.07,35.0,121.0,0.9981,3.37,0.49,9.4,5
1739,white,8.4,0.29,0.29,1.05,0.032,4.0,55.0,0.9908,2.91,0.32,11.4,4
383,white,7.2,0.27,0.27,2.4,0.048,30.0,149.0,0.9936,3.1,0.51,9.2,6
5842,red,8.3,0.3,0.49,3.8,0.09,11.0,24.0,0.99498,3.27,0.64,12.1,7
5321,red,10.5,0.24,0.47,2.1,0.066,6.0,24.0,0.9978,3.15,0.9,11.0,7
5956,red,9.9,0.53,0.57,2.4,0.093,30.0,52.0,0.9971,3.19,0.76,11.6,7
4860,white,6.0,0.52,0.33,7.7,0.046,24.0,119.0,0.99224,3.04,0.38,11.0,6
6004,red,8.2,0.23,0.42,1.9,0.069,9.0,17.0,0.99376,3.21,0.54,12.3,6
3820,white,6.3,0.3,0.2,3.7,0.039,34.0,132.0,0.99158,3.0,0.38,10.7,5
2438,white,6.9,0.43,0.28,9.4,0.056,29.0,183.0,0.99594,3.17,0.43,9.4,5
3352,white,6.7,0.36,0.28,8.3,0.034,29.0,81.0,0.99151,2.96,0.39,12.5,6
2572,white,7.0,0.14,0.28,1.3,0.026,10.0,56.0,0.99352,3.46,0.45,9.9,5
1597,white,6.4,0.27,0.49,7.3,0.046,53.0,206.0,0.9956,3.24,0.43,9.2,6
770,white,6.8,0.12,0.31,5.2,0.045,29.0,120.0,0.9942,3.41,0.46,9.8,7
6431,red,8.0,0.39,0.3,1.9,0.074,32.0,84.0,0.99717,3.39,0.61,9.0,5
3786,white,7.4,0.29,0.48,12.8,0.037,61.5,182.0,0.99808,3.02,0.34,8.8,5
3845,white,6.4,0.32,0.23,16.2,0.055,36.0,176.0,0.9986,3.26,0.54,9.1,5
863,white,6.2,0.28,0.33,1.7,0.029,24.0,111.0,0.99,3.24,0.5,12.1,6
361,white,7.1,0.365,0.14,1.2,0.055,24.0,84.0,0.9941,3.15,0.43,8.9,5
1920,white,8.1,0.26,0.33,11.1,0.052,52.5,158.0,0.9976,3.03,0.49,10.2,7
4125,white,6.3,0.17,0.23,5.7,0.048,44.0,147.0,0.99382,3.08,0.54,10.0,5
154,white,8.2,0.23,0.4,7.5,0.049,12.0,76.0,0.9966,3.06,0.84,9.7,6
5934,red,7.6,0.31,0.34,2.5,0.082,26.0,35.0,0.99356,3.22,0.59,12.5,7
1930,white,9.2,0.27,0.34,10.5,0.043,49.0,228.0,0.9974,3.04,0.41,10.4,6
2716,white,7.8,0.25,0.34,13.7,0.044,66.0,184.0,0.99976,3.22,0.75,8.9,5
1279,white,6.6,0.27,0.3,1.9,0.025,14.0,153.0,0.9928,3.29,0.62,10.5,6
6268,red,8.7,0.78,0.51,1.7,0.415,12.0,66.0,0.99623,3.0,1.17,9.2,5
3087,white,6.1,0.2,0.34,9.5,0.041,38.0,201.0,0.995,3.14,0.44,10.1,3
3300,white,7.8,0.25,0.37,1.0,0.043,10.0,80.0,0.99128,3.08,0.38,11.4,5
5992,red,6.6,0.725,0.09,5.5,0.117,9.0,17.0,0.99655,3.35,0.49,10.8,6
423,white,7.0,0.21,0.28,8.6,0.045,37.0,221.0,0.9954,3.25,0.54,10.4,6
6042,red,7.3,0.32,0.23,2.3,0.066,35.0,70.0,0.99588,3.43,0.62,10.1,5
823,white,6.7,0.19,0.23,6.2,0.047,36.0,117.0,0.9945,3.34,0.43,9.6,6
1116,white,5.9,0.415,0.13,1.4,0.04,11.0,64.0,0.9922,3.29,0.52,10.5,5
4753,white,5.5,0.16,0.26,1.5,0.032,35.0,100.0,0.99076,3.43,0.77,12.0,6
6194,red,6.6,0.63,0.0,4.3,0.093,51.0,77.5,0.99558,3.2,0.45,9.5,5
3041,white,6.2,0.33,0.41,16.8,0.037,58.0,173.0,0.99882,3.25,0.57,9.4,6
3714,white,8.5,0.18,0.3,1.1,0.028,34.0,95.0,0.99272,2.83,0.36,10.0,4
3783,white,6.4,0.27,0.45,8.3,0.05,52.0,196.0,0.9955,3.18,0.48,9.5,5
5188,red,8.7,0.52,0.09,2.5,0.091,20.0,49.0,0.9976,3.34,0.86,10.6,7
2648,white,6.6,0.23,0.29,14.45,0.057,29.0,144.0,0.99756,3.33,0.54,10.2,6
1741,white,7.7,0.38,0.4,2.0,0.038,28.0,152.0,0.9906,3.18,0.32,12.9,6
5023,red,9.0,0.62,0.04,1.9,0.146,27.0,90.0,0.9984,3.16,0.7,9.4,5
117,white,7.0,0.14,0.4,1.7,0.035,16.0,85.0,0.9911,3.19,0.42,11.8,6
4725,white,6.9,0.31,0.33,12.7,0.038,33.0,116.0,0.9954,3.04,0.65,10.4,6
5143,red,7.3,0.66,0.0,2.0,0.084,6.0,23.0,0.9983,3.61,0.96,9.9,6
5290,red,9.5,0.37,0.52,2.0,0.082,6.0,26.0,0.998,3.18,0.51,9.5,5
2140,white,7.7,0.28,0.35,15.3,0.056,31.0,117.0,0.9998,3.27,0.5,9.6,5
3822,white,7.0,0.33,0.28,5.7,0.033,39.0,204.0,0.99176,3.17,0.64,12.5,6
5155,red,6.6,0.695,0.0,2.1,0.075,12.0,56.0,0.9968,3.49,0.67,9.2,5
4295,white,7.2,0.21,0.36,15.7,0.045,68.0,183.0,0.99922,3.25,0.76,9.4,5
1222,white,7.6,0.28,0.39,1.2,0.038,21.0,115.0,0.994,3.16,0.67,10.0,6
599,white,6.9,0.19,0.4,1.4,0.036,14.0,55.0,0.9909,3.08,0.68,11.5,7
1054,white,7.0,0.31,0.52,1.7,0.029,5.0,61.0,0.9918,3.07,0.43,10.4,5
2404,white,9.8,0.16,0.46,1.8,0.046,23.0,130.0,0.99587,3.04,0.67,9.6,5
5807,red,7.3,0.305,0.39,1.2,0.059,7.0,11.0,0.99331,3.29,0.52,11.5,6
369,white,7.1,0.39,0.35,12.5,0.044,26.0,72.0,0.9941,3.17,0.29,11.6,5
4628,white,6.1,0.19,0.37,2.6,0.041,24.0,99.0,0.99153,3.18,0.5,10.9,6
335,white,6.3,0.23,0.3,1.8,0.033,16.0,91.0,0.9906,3.28,0.4,11.8,6
3241,white,5.8,0.3,0.42,1.1,0.036,19.0,113.0,0.98871,3.1,0.46,12.6,7
1986,white,7.6,0.16,0.41,1.9,0.047,27.0,151.0,0.9937,3.2,0.53,10.1,6
5559,red,7.5,0.42,0.31,1.6,0.08,15.0,42.0,0.9978,3.31,0.64,9.0,5
2213,white,7.4,0.17,0.29,1.4,0.047,23.0,107.0,0.9939,3.52,0.65,10.4,6
482,white,5.8,0.25,0.24,13.3,0.044,41.0,137.0,0.9972,3.34,0.42,9.5,5
4028,white,5.9,0.25,0.27,1.5,0.029,37.0,81.0,0.9892,3.2,0.46,12.2,6
3548,white,6.2,0.47,0.19,8.3,0.029,24.0,142.0,0.992,3.22,0.45,12.3,6
3591,white,6.4,0.28,0.36,1.3,0.053,28.0,186.0,0.99211,3.31,0.45,10.8,5
5112,red,7.8,0.735,0.08,2.4,0.092,10.0,41.0,0.9974,3.24,0.71,9.8,6
172,white,7.6,0.48,0.37,0.8,0.037,4.0,100.0,0.9902,3.03,0.39,11.4,4
3988,white,6.1,0.2,0.17,1.6,0.048,46.0,129.0,0.991,3.3,0.43,11.4,6
3143,white,5.5,0.19,0.27,0.9,0.04,52.0,103.0,0.99026,3.5,0.39,11.2,5
2466,white,7.5,0.27,0.79,11.95,0.04,51.0,159.0,0.99839,2.98,0.44,8.7,5
2959,white,7.3,0.4,0.26,5.45,0.016,26.0,90.0,0.98951,2.84,0.54,13.2,7
2576,white,6.5,0.27,0.4,10.0,0.039,74.0,227.0,0.99582,3.18,0.5,9.4,5
2254,white,6.2,0.26,0.19,3.4,0.049,47.0,172.0,0.9924,3.14,0.43,10.4,6
3413,white,6.7,0.21,0.48,14.8,0.05,31.0,195.0,0.99942,2.95,0.75,8.8,6
4525,white,5.8,0.13,0.22,12.7,0.058,24.0,183.0,0.9956,3.32,0.42,11.7,6
98,white,9.8,0.36,0.46,10.5,,4.0,83.0,0.9956,2.89,0.3,10.1,4
263,white,7.2,0.29,0.4,13.6,0.045,66.0,231.0,0.9977,3.08,0.59,9.6,6
1616,white,6.9,0.34,0.49,7.3,0.045,61.0,206.0,0.9957,3.09,0.4,9.0,6
6247,red,6.9,0.57,0.0,2.8,0.081,21.0,41.0,0.99518,3.41,0.52,10.8,5
5059,red,7.6,0.68,0.02,1.3,0.072,9.0,20.0,0.9965,3.17,1.08,9.2,4
46,white,6.2,0.45,0.26,4.4,0.063,63.0,206.0,0.994,3.27,0.52,9.8,4
2362,white,6.5,0.18,0.29,1.7,0.035,39.0,144.0,0.9927,3.49,0.5,10.5,6
1811,white,7.6,0.38,0.2,3.4,0.046,9.0,116.0,0.9944,3.15,0.41,9.4,5
4020,white,6.4,0.37,0.12,5.9,0.056,6.0,91.0,0.99536,3.06,0.46,8.4,4
340,white,7.4,0.2,0.43,7.8,0.045,27.0,153.0,0.9964,3.19,0.55,9.0,7
6005,red,9.1,0.3,0.41,2.0,0.068,10.0,24.0,0.99523,3.27,0.85,11.7,7
1010,white,7.6,0.16,0.44,1.4,0.043,25.0,109.0,0.9932,3.11,0.75,10.3,6
4827,white,6.7,0.22,0.33,1.2,0.036,36.0,86.0,0.99058,3.1,0.76,11.4,6
3348,white,7.2,0.27,0.28,15.2,0.046,6.0,41.0,0.99665,3.17,0.39,10.9,6
5137,red,8.2,1.0,0.09,2.3,0.065,7.0,37.0,0.99685,3.32,0.55,9.0,6
2365,white,7.6,0.32,0.35,1.6,0.092,24.0,138.0,0.99438,3.19,0.44,9.8,5
5629,red,8.9,0.875,0.13,3.45,0.088,4.0,14.0,0.9994,3.44,0.52,11.5,5
3619,white,6.8,0.45,0.28,26.05,0.031,27.0,122.0,1.00295,3.06,0.42,10.6,6
4736,white,6.0,0.16,0.36,1.6,0.042,13.0,61.0,0.99143,3.22,0.54,10.8,6
5401,red,10.5,0.26,0.47,1.9,0.078,6.0,24.0,0.9976,3.18,1.04,10.9,7
6193,red,6.6,0.63,0.0,4.3,0.093,51.0,77.5,0.99558,3.2,0.45,9.5,5
1891,white,7.6,0.33,0.41,13.7,0.045,44.0,197.0,0.9989,3.18,0.64,9.1,5
2889,white,8.4,0.36,0.36,11.1,0.032,21.0,132.0,0.99313,2.95,0.39,13.0,6
6427,red,7.1,0.69,0.08,2.1,0.063,42.0,52.0,0.99608,3.42,0.6,10.2,6
1157,white,7.8,0.3,0.29,16.85,0.054,23.0,135.0,0.9998,3.16,0.38,9.0,6
3420,white,7.6,0.28,0.49,20.15,0.06,30.0,145.0,1.00196,3.01,0.44,8.5,5
4922,red,6.9,0.4,0.14,2.4,0.085,21.0,40.0,0.9968,3.43,0.63,9.7,6
220,white,7.5,0.27,0.36,7.0,0.036,45.0,164.0,0.9939,3.03,0.33,11.0,5
6002,red,8.0,0.48,0.34,2.2,0.073,16.0,25.0,0.9936,3.28,0.66,12.4,6
4752,white,5.1,0.25,0.36,1.3,0.035,40.0,78.0,0.9891,3.23,0.64,12.1,7
5342,red,5.3,0.57,0.01,1.7,0.054,5.0,27.0,0.9934,3.57,0.84,12.5,7
5441,red,11.2,0.66,0.24,2.5,0.085,16.0,53.0,0.9993,3.06,0.72,11.0,6
3390,white,6.9,0.29,0.3,8.2,0.026,35.0,112.0,0.99144,3.0,0.37,12.3,6
2765,white,6.4,0.27,0.29,10.8,0.028,17.0,118.0,0.99356,3.18,0.37,11.2,6
788,white,5.8,0.34,0.16,7.0,0.037,26.0,116.0,0.9949,3.46,0.45,10.0,7
2787,white,6.4,0.24,0.25,20.2,0.083,35.0,157.0,0.99976,3.17,0.5,9.1,5
2977,white,6.6,0.23,0.2,11.4,0.044,45.0,131.0,0.99604,2.96,0.51,9.7,6
2757,white,5.6,0.12,0.26,4.3,0.038,18.0,97.0,0.99477,3.36,0.46,9.2,5
1108,white,6.1,0.29,0.27,1.7,0.024,13.0,76.0,0.9893,3.21,0.51,12.6,7
204,white,5.8,0.28,0.35,2.3,0.053,36.0,114.0,0.9924,3.28,0.5,10.2,4
350,white,6.3,0.12,0.36,2.1,0.044,47.0,146.0,0.9914,3.27,0.74,11.4,7
5717,red,9.1,0.66,0.15,3.2,0.097,9.0,59.0,0.99976,3.28,0.54,9.6,5
5654,red,6.3,0.98,0.01,2.0,0.057,15.0,33.0,0.99488,3.6,0.46,11.2,6
3037,white,6.3,0.33,0.42,17.2,0.037,57.0,170.0,0.99884,3.26,0.57,9.4,6
3593,white,5.6,0.28,0.28,4.2,0.044,52.0,158.0,0.992,3.35,0.44,10.7,7
4982,red,6.3,0.3,0.48,1.8,0.069,18.0,61.0,0.9959,3.44,0.78,10.3,6
6438,red,6.2,0.52,0.08,4.4,0.071,11.0,32.0,0.99646,3.56,0.63,11.6,6
1872,white,5.8,0.33,0.2,16.05,0.047,26.0,166.0,0.9976,3.09,0.46,8.9,5
6278,red,7.5,0.57,0.02,2.6,0.077,11.0,35.0,0.99557,3.36,0.62,10.8,6
3521,white,5.9,0.23,0.24,3.8,0.038,61.0,152.0,0.99139,3.31,0.5,11.3,7
3772,white,6.3,0.24,0.29,13.7,0.035,53.0,134.0,0.99567,3.17,0.38,10.6,6
4556,white,6.1,0.2,0.4,1.9,0.028,32.0,138.0,0.9914,3.26,0.72,11.7,5
1662,white,6.7,0.21,0.49,1.4,0.047,30.0,114.0,0.9914,2.92,0.42,10.8,7
1950,white,8.0,0.25,0.13,17.2,0.036,49.0,219.0,0.9996,2.96,0.46,9.7,5
1043,white,7.5,0.33,0.48,19.45,0.048,55.0,243.0,1.001,2.95,0.4,8.8,5
5546,red,8.7,0.48,0.3,2.8,0.066,10.0,28.0,0.9964,3.33,0.67,11.2,7
2797,white,6.8,0.35,0.53,10.1,0.053,37.0,151.0,0.9963,3.07,0.4,9.4,5
6201,red,8.0,0.28,0.44,1.8,0.081,28.0,68.0,0.99501,3.36,0.66,11.2,5
6019,red,6.6,0.5,0.0,1.8,0.062,21.0,28.0,0.99352,3.44,0.55,12.3,6
37,white,7.0,0.33,0.32,1.2,0.053,38.0,138.0,0.9906,3.13,0.28,11.2,6
4540,white,5.8,0.28,0.3,3.9,0.026,36.0,105.0,0.98963,3.26,0.58,12.75,6
2610,white,6.3,0.27,0.46,11.1,0.053,44.0,177.0,0.99691,3.18,0.67,9.4,5
1816,white,6.7,0.27,0.3,13.9,0.029,34.0,131.0,0.9953,3.36,0.5,12.0,7
1022,white,6.8,0.19,0.32,7.05,0.019,54.0,188.0,0.9935,3.25,0.37,11.1,8
3905,white,6.5,0.33,0.3,3.8,0.036,34.0,88.0,0.99028,3.25,0.63,12.5,7
941,white,6.3,0.27,0.46,11.75,0.037,61.0,212.0,0.9971,3.25,0.53,9.5,6
4409,white,6.3,0.29,0.29,3.3,0.037,32.0,140.0,0.9895,3.17,0.36,12.8,7
1448,white,7.4,0.16,0.49,1.2,0.055,18.0,150.0,0.9917,3.23,0.47,11.2,6
3615,white,7.2,0.24,0.3,1.2,0.037,11.0,95.0,0.98914,2.96,0.36,12.5,6
4941,red,8.1,0.66,0.22,2.2,0.069,9.0,23.0,0.9968,3.3,1.2,10.3,5
2799,white,6.7,0.16,0.37,1.3,0.036,45.0,125.0,0.98964,3.19,0.51,12.4,7
2620,white,6.5,0.28,0.28,20.4,0.041,40.0,144.0,1.0002,3.14,0.38,8.7,5
3733,white,6.5,0.19,0.34,1.6,0.029,39.0,116.0,0.98954,3.21,0.68,12.5,6
1455,white,6.9,0.34,0.74,11.2,0.069,44.0,150.0,0.9968,3.0,0.81,9.2,5
3574,white,8.1,0.17,0.21,1.6,0.036,24.0,119.0,0.99396,3.18,0.52,10.1,6
5433,red,9.1,0.22,0.24,2.1,0.078,1.0,28.0,0.999,3.41,0.87,10.3,6
4332,white,7.3,0.19,0.27,13.9,0.057,45.0,155.0,0.99807,2.94,0.41,8.8,8
6453,red,7.0,0.56,0.17,1.7,0.065,15.0,24.0,0.99514,3.44,0.68,10.55,7
5099,red,8.8,0.37,0.48,2.1,0.097,39.0,145.0,0.9975,3.04,1.03,9.3,5
4572,white,5.6,0.22,0.32,1.2,0.024,29.0,97.0,0.98823,3.2,0.46,13.05,7
3536,white,7.2,0.24,0.28,1.9,0.032,30.0,92.0,0.9914,3.1,0.39,10.9,6
4279,white,6.2,0.24,0.27,16.8,0.04,48.0,129.0,0.99691,3.23,0.38,10.5,6
3949,white,6.9,0.4,0.37,8.9,0.053,36.0,148.0,0.996,3.16,0.5,9.3,5
3344,white,6.9,0.38,0.29,13.65,0.048,52.0,189.0,0.99784,3.0,0.6,9.5,6
2857,white,6.6,0.29,0.31,3.9,0.027,39.0,96.0,0.99035,3.24,0.6,12.6,8
4452,white,6.3,0.39,0.22,2.8,0.048,53.0,173.0,0.99304,3.24,0.45,9.8,5
5335,red,11.1,0.45,0.73,3.2,0.066,6.0,22.0,0.9986,3.17,0.66,11.2,6
2177,white,6.0,0.34,0.24,5.4,0.06,23.0,126.0,0.9951,3.25,0.44,9.0,7
321,white,6.6,0.24,0.35,7.7,0.031,36.0,135.0,0.9938,3.19,0.37,10.5,5
4353,white,7.4,0.16,0.3,1.4,0.064,34.0,166.0,0.99136,3.11,0.42,11.43333333,6
2200,white,6.4,0.24,0.23,7.3,0.069,31.0,157.0,0.9962,3.25,0.53,9.1,5
2134,white,6.8,0.26,0.32,7.0,0.041,38.0,118.0,0.9939,3.25,0.52,10.8,6
4642,white,5.7,0.24,0.3,1.3,0.03,25.0,98.0,0.98968,3.37,0.43,12.4,7
5480,red,11.7,0.49,0.49,2.2,0.083,5.0,15.0,1.0,3.19,0.43,9.2,5
2458,white,7.8,0.32,0.33,10.4,0.031,47.0,194.0,0.99692,3.07,0.58,9.6,6
5899,red,9.9,0.35,0.38,1.5,0.058,31.0,47.0,0.99676,3.26,0.82,10.6,7
4208,white,5.6,0.23,0.29,3.1,0.023,19.0,89.0,0.99068,3.25,0.51,11.2,6
4711,white,5.4,0.205,0.16,12.55,0.051,31.0,115.0,0.99564,3.4,0.38,10.8,6
5817,red,8.4,0.62,0.12,1.8,0.072,38.0,46.0,0.99504,3.38,0.89,11.8,6
2825,white,6.3,0.25,0.22,3.3,0.048,41.0,161.0,0.99256,3.16,0.5,10.5,6
3758,white,6.6,0.27,0.33,1.4,0.042,24.0,183.0,0.99215,3.29,0.46,10.7,5
660,white,7.1,0.28,0.26,1.9,0.049,12.0,86.0,0.9934,3.15,0.38,9.4,5
2598,white,7.8,0.28,0.31,2.1,0.046,28.0,208.0,0.99434,3.23,0.64,9.8,5
806,white,6.4,0.31,0.26,13.2,0.046,57.0,205.0,0.9975,3.17,0.41,9.6,5
5665,red,7.5,0.6,0.32,2.7,0.103,13.0,98.0,0.99938,3.45,0.62,9.5,5
3759,white,7.8,0.19,0.32,7.4,0.015,47.0,124.0,0.99278,2.99,0.39,11.0,6
2867,white,6.7,0.48,0.32,1.4,0.021,22.0,121.0,0.9889,3.15,0.53,12.7,7
5532,red,7.9,0.35,0.21,1.9,0.073,46.0,102.0,0.9964,3.27,0.58,9.5,5
4900,red,7.8,0.76,0.04,2.3,0.092,15.0,54.0,0.997,3.26,0.65,9.8,5
4999,red,7.8,0.5,0.3,1.9,0.075,8.0,22.0,0.9959,3.31,0.56,10.4,6
2083,white,9.4,0.3,0.32,10.7,0.029,14.0,111.0,0.9958,2.85,0.42,10.6,5
2822,white,6.5,0.2,0.24,9.2,0.044,25.0,150.0,0.99502,3.22,0.44,10.5,5
349,white,7.6,0.17,0.45,11.2,0.054,56.0,137.0,0.997,3.15,0.47,10.0,5
3167,white,5.6,0.28,0.4,6.1,0.034,36.0,118.0,0.99144,3.21,0.43,12.1,7
4298,white,5.6,0.26,0.0,10.2,0.038,13.0,111.0,0.99315,3.44,0.46,12.4,6
4954,red,10.2,0.42,0.57,3.4,0.07,4.0,10.0,0.9971,3.04,0.63,9.6,5
5230,red,8.0,0.58,0.28,3.2,0.066,21.0,114.0,0.9973,3.22,0.54,9.4,6
4560,white,5.4,0.27,0.22,4.6,0.022,29.0,107.0,0.98889,3.33,0.54,13.8,6
1092,white,7.1,0.21,0.4,1.2,0.069,24.0,156.0,0.9928,3.42,0.43,10.6,6
1600,white,7.0,0.29,0.49,3.8,0.047,37.0,136.0,0.9938,2.95,0.4,9.4,6
4530,white,7.3,0.28,0.54,12.9,0.049,62.0,162.5,0.9984,3.06,0.45,9.1,6
4620,white,6.4,0.38,0.19,4.5,0.038,36.0,119.0,0.99151,3.07,0.42,11.2,6
2907,white,5.7,0.21,0.25,1.1,0.035,26.0,81.0,0.9902,3.31,0.52,11.4,6
5855,red,9.5,0.37,0.52,2.0,0.088,12.0,51.0,0.99613,3.29,0.58,11.1,6
1462,white,7.4,0.16,0.49,1.2,0.055,18.0,150.0,0.9917,3.23,0.47,11.2,6
687,white,6.8,0.67,0.3,13.0,0.29,22.0,193.0,0.9984,3.08,0.67,9.0,4
57,white,6.0,0.19,0.26,12.4,0.048,50.0,147.0,0.9972,3.3,0.36,8.9,6
2923,white,6.9,0.22,0.31,6.3,0.029,41.0,131.0,0.99326,3.08,0.49,10.8,6
1727,white,7.6,0.445,0.44,14.5,0.045,68.0,212.0,0.9986,3.48,0.36,10.0,6
5428,red,9.1,0.22,0.24,2.1,0.078,1.0,28.0,0.999,3.41,0.87,10.3,6
3403,white,8.8,0.27,0.25,5.0,0.024,52.0,99.0,0.9925,2.87,0.49,11.4,5
3181,white,8.3,0.16,0.37,7.9,0.025,38.0,107.0,0.99306,2.93,0.37,11.9,6
6328,red,7.4,0.41,0.24,1.8,0.066,18.0,47.0,0.9956,3.37,0.62,10.4,5
5997,red,8.6,0.52,0.38,1.5,0.096,5.0,18.0,0.99666,3.2,0.52,9.4,5
6475,red,6.2,0.7,0.15,5.1,0.076,13.0,27.0,0.99622,3.54,0.6,11.9,6
2805,white,7.3,0.2,0.26,1.6,0.04,36.0,123.0,0.99238,3.34,0.44,10.8,6
2027,white,6.9,0.32,0.15,8.1,0.046,51.0,180.0,0.9958,3.13,0.45,8.9,5
2325,white,7.0,0.35,0.17,1.1,0.049,7.0,119.0,0.99297,3.13,0.36,9.7,6
712,white,8.2,0.27,0.43,1.6,0.035,31.0,128.0,0.9916,3.1,0.5,12.3,6
909,white,7.5,0.24,,13.0,0.049,46.0,217.0,0.9985,3.08,0.53,8.8,5
752,white,6.7,0.2,0.42,14.0,0.038,83.0,160.0,0.9987,3.16,0.5,9.4,6
4655,white,6.0,0.29,0.41,10.8,0.048,55.0,149.0,0.9937,3.09,0.59,10.96666667,7
3219,white,6.2,0.35,0.31,2.6,0.036,37.0,92.0,0.98938,3.27,0.53,12.8,7
1416,white,6.6,0.23,0.26,1.3,0.045,16.0,128.0,0.9934,3.36,0.6,10.0,6
4103,white,5.7,0.31,0.28,4.1,0.03,22.0,86.0,0.99062,3.31,0.38,11.7,7
5823,red,8.6,0.22,0.36,1.9,0.064,53.0,77.0,0.99604,3.47,0.87,11.0,7
191,white,6.8,0.28,0.4,22.0,0.048,48.0,167.0,1.001,2.93,0.5,8.7,5
4459,white,5.9,0.22,0.18,6.4,0.041,28.0,120.0,0.99403,3.27,0.5,9.9,5
2304,white,7.5,0.42,0.2,1.4,0.06,15.0,168.0,0.9944,3.06,0.4,9.4,6
5048,red,7.3,0.33,0.47,2.1,0.077,5.0,11.0,0.9958,3.33,0.53,10.3,6
5809,red,9.1,0.28,0.46,9.0,0.114,3.0,9.0,0.99901,3.18,0.6,10.9,6
4286,white,6.0,0.2,0.26,6.8,0.049,22.0,93.0,0.9928,3.15,0.42,11.0,6
2861,white,6.4,0.21,0.28,5.9,0.047,29.0,101.0,0.99278,3.15,0.4,11.0,6
4520,white,5.8,0.31,0.31,7.5,0.052,55.0,230.0,0.9949,3.19,0.46,9.8,5
550,white,7.0,0.3,0.51,13.6,0.05,40.0,168.0,0.9976,3.07,0.52,9.6,7
5154,red,9.4,0.34,0.37,2.2,0.075,5.0,13.0,0.998,3.22,0.62,9.2,5
4797,white,5.7,0.33,0.32,1.4,0.043,28.0,93.0,0.9897,3.31,0.5,12.3,6
2313,white,6.8,0.32,0.3,3.3,0.029,15.0,80.0,0.99061,3.33,0.63,12.6,7
3504,white,6.5,0.16,0.34,1.4,0.029,29.0,133.0,0.99108,3.33,0.64,11.5,7
4264,white,5.8,0.2,0.16,1.4,0.042,44.0,99.0,0.98912,3.23,0.37,12.2,6
454,white,6.4,0.28,0.29,1.6,0.052,34.0,127.0,0.9929,3.48,0.56,10.5,7
403,white,7.1,0.27,0.31,18.2,0.046,55.0,252.0,1.0,3.07,0.56,8.7,5
161,white,6.4,0.22,0.56,14.5,0.055,27.0,159.0,0.998,2.98,0.4,9.1,5
3055,white,6.3,0.25,0.44,1.7,0.024,36.0,116.0,0.98935,3.18,0.4,12.5,6
4625,white,8.3,0.49,0.23,6.65,0.034,6.0,158.0,0.99344,3.05,0.48,11.2,5
2244,white,7.0,0.36,0.14,11.6,0.043,35.0,228.0,0.9977,3.13,0.51,8.9,5
2987,white,6.8,0.18,0.28,9.8,0.039,29.0,113.0,0.99406,3.11,0.45,10.9,7
3966,white,5.4,0.185,0.19,7.1,0.048,36.0,110.0,0.99438,3.26,0.41,9.5,6
1329,white,8.4,0.19,0.43,2.1,0.052,20.0,104.0,0.994,2.85,0.46,9.5,5
203,white,6.8,0.26,0.34,13.9,0.034,39.0,134.0,0.9949,3.33,0.53,12.0,6
5324,red,6.4,0.67,0.08,2.1,0.045,19.0,48.0,0.9949,3.49,0.49,11.4,6
5392,red,6.5,0.39,0.23,8.3,0.051,28.0,91.0,0.9952,3.44,0.55,12.1,6
4925,red,7.9,0.43,0.21,1.6,0.106,10.0,37.0,0.9966,3.17,0.91,9.5,5
4420,white,6.6,0.22,0.23,17.3,0.047,37.0,118.0,0.99906,3.08,0.46,8.8,6
2369,white,6.1,0.16,0.29,6.0,0.03,29.0,144.0,0.99474,3.68,0.46,10.7,6
2740,white,6.3,0.2,0.19,12.3,0.048,54.0,145.0,0.99668,3.16,0.42,9.3,6
540,white,6.7,0.31,0.31,9.9,0.04,10.0,175.0,0.9953,3.46,0.55,11.4,4
5455,red,15.6,0.645,0.49,4.2,0.095,10.0,23.0,1.00315,2.92,0.74,11.1,5
5875,red,8.4,0.59,0.29,2.6,0.109,31.0,119.0,0.99801,3.15,0.5,9.1,5
3428,white,6.4,0.32,0.27,4.9,0.034,18.0,122.0,0.9916,3.36,0.71,12.5,6
156,white,7.4,0.24,0.42,14.0,0.066,48.0,198.0,0.9979,2.89,0.42,8.9,6
3178,white,7.6,0.15,0.35,4.3,0.051,23.0,98.0,0.99422,3.1,0.44,9.5,6
3237,white,6.4,0.23,0.35,4.6,0.039,43.0,147.0,0.99216,3.18,0.4,11.0,7
5805,red,6.1,0.56,0.0,2.2,0.079,6.0,9.0,0.9948,3.59,0.54,11.5,6
167,white,6.7,0.46,0.18,2.4,0.034,25.0,98.0,0.9896,3.08,0.44,12.6,7
4277,white,7.2,0.22,0.35,5.5,0.054,37.0,183.0,0.99474,3.08,0.5,10.3,5
1537,white,8.1,0.28,0.49,1.0,0.04,32.0,148.0,0.9936,3.13,0.41,10.0,6
3084,white,6.6,0.17,0.35,2.6,0.03,33.0,78.0,0.99146,3.22,0.72,11.3,6
342,white,6.4,0.26,0.42,9.7,0.044,30.0,140.0,0.9962,3.18,0.47,9.1,6
1516,white,8.2,0.22,0.49,9.6,0.037,53.0,154.0,0.9951,3.02,0.33,10.6,6
2763,white,7.7,0.3,0.34,1.2,0.048,4.0,119.0,0.99084,3.18,0.34,12.1,6
2032,white,6.5,0.25,0.2,1.4,0.024,29.0,101.0,0.9916,3.24,0.54,10.8,6
4699,white,6.8,0.3,0.33,12.8,0.041,60.0,168.0,0.99659,3.1,0.56,9.8,5
6341,red,6.9,0.58,0.2,1.75,0.058,8.0,22.0,0.99322,3.38,0.49,11.7,5
4369,white,6.4,0.29,0.21,9.65,0.041,36.0,119.0,0.99334,2.99,0.34,10.93333333,6
2336,white,6.8,0.26,0.22,4.8,0.041,110.0,198.0,0.99437,3.29,0.67,10.6,5
4689,white,6.7,0.16,0.32,12.5,0.035,18.0,156.0,0.99666,2.88,0.36,9.0,6
544,white,6.8,0.28,0.17,13.9,0.047,49.0,162.0,0.9983,3.21,0.51,9.0,6
5127,red,6.9,0.52,0.25,2.6,0.081,10.0,37.0,0.99685,3.46,0.5,11.0,5
2721,white,8.2,0.37,0.64,13.9,0.043,22.0,171.0,0.99873,2.99,0.8,9.3,5
1865,white,7.6,0.36,0.44,8.3,0.255,28.0,142.0,0.9958,3.12,0.43,10.2,6
2813,white,5.8,0.32,0.31,2.7,0.049,25.0,153.0,0.99067,3.44,0.73,12.2,7
667,white,7.1,0.17,0.38,7.4,0.052,49.0,182.0,0.9958,3.35,0.52,9.6,6
144,white,8.1,0.2,0.4,2.0,0.037,19.0,87.0,0.9921,3.12,0.54,11.2,6
4607,white,6.6,0.28,0.3,12.9,0.033,31.0,177.0,0.99479,3.12,0.39,11.2,6
4951,red,8.6,0.38,0.36,3.0,0.081,30.0,119.0,0.997,3.2,0.56,9.4,5
3372,white,5.6,0.15,0.26,5.55,0.051,51.0,139.0,0.99336,3.47,0.5,11.0,6
4252,white,6.7,0.11,0.26,14.8,0.053,44.0,95.0,0.99676,3.2,0.35,9.8,6
1369,white,7.4,0.64,0.47,14.15,0.168,42.0,185.0,0.9984,2.9,0.49,9.3,5
5622,red,7.5,1.115,0.1,3.1,0.086,5.0,12.0,0.9958,3.54,0.6,11.2,4
75,white,7.4,0.24,0.29,10.1,0.05,21.0,105.0,0.9962,3.13,0.35,9.5,5
5274,red,11.5,0.45,0.5,3.0,0.078,19.0,47.0,1.0003,3.26,1.11,11.0,6
3298,white,6.3,0.24,0.35,2.3,0.039,43.0,109.0,0.99056,3.34,0.44,11.8,6
3754,white,5.4,0.46,0.15,2.1,0.026,29.0,130.0,0.98953,3.39,0.77,13.4,8
2827,white,6.4,0.14,0.31,1.2,0.034,53.0,138.0,0.99084,3.38,0.35,11.5,7
2617,white,6.5,0.18,0.41,14.2,0.039,47.0,129.0,0.99678,3.28,0.72,10.3,7
779,white,8.1,0.17,0.44,14.1,0.053,43.0,145.0,1.0006,3.28,0.75,8.8,8
3796,white,6.6,0.13,0.29,13.9,0.056,33.0,95.0,0.99702,3.17,0.39,9.4,6
1089,white,7.0,0.17,0.33,4.0,0.034,17.0,127.0,0.9934,3.19,0.39,10.6,7
5337,red,7.0,0.62,0.18,1.5,0.062,7.0,50.0,0.9951,3.08,0.6,9.3,5
6365,red,6.7,1.04,0.08,2.3,0.067,19.0,32.0,0.99648,3.52,0.57,11.0,4
4577,white,6.3,0.15,0.34,11.4,0.05,25.0,96.0,0.99754,3.21,0.49,10.0,6
3029,white,7.1,0.47,0.29,14.8,0.024,22.0,142.0,0.99518,3.12,0.48,12.0,8
515,white,6.1,0.31,0.26,2.2,0.051,28.0,167.0,0.9926,3.37,0.47,10.4,6
135,white,6.7,0.27,0.31,15.7,0.036,44.0,179.0,0.9979,3.26,0.56,9.6,5
1635,white,7.5,0.14,0.74,1.6,0.035,21.0,126.0,0.9933,3.26,0.45,10.2,6
4850,white,7.0,0.36,0.35,2.5,0.048,67.0,161.0,0.99146,3.05,0.56,11.1,6
4775,white,5.0,0.27,0.4,1.2,0.076,42.0,124.0,0.99204,3.32,0.47,10.1,6
950,white,7.6,0.345,0.26,1.9,0.043,15.0,134.0,0.9936,3.08,0.38,9.5,5
1771,white,6.5,0.18,0.26,1.4,0.041,40.0,141.0,0.9941,3.34,0.72,9.5,6
1624,white,9.0,0.17,0.49,1.0,0.039,46.0,131.0,0.993,3.09,0.51,10.5,7
2830,white,6.6,0.22,0.34,11.6,0.05,59.0,140.0,0.99526,3.22,0.4,10.8,5
726,white,6.4,0.24,0.31,2.8,0.038,41.0,114.0,0.99155,3.37,0.66,11.7,7
6472,red,5.6,0.31,0.78,13.9,0.074,23.0,92.0,0.99677,3.39,0.48,10.5,6
197,white,6.8,0.26,0.24,7.8,0.052,54.0,214.0,0.9961,3.13,0.47,8.9,5
1560,white,7.8,0.3,0.74,1.8,0.033,33.0,156.0,0.991,3.29,0.52,12.8,6
4579,white,6.0,0.2,0.26,14.7,0.045,53.0,125.0,0.998365,2.99,0.69,9.4,6
3429,white,7.1,0.18,0.39,14.5,0.051,48.0,156.0,0.99947,3.35,0.78,9.1,5
5759,red,5.8,1.01,0.66,2.0,0.039,15.0,88.0,0.99357,3.66,0.6,11.5,6
76,white,7.1,0.18,0.36,1.4,0.043,31.0,87.0,0.9898,3.26,0.37,12.7,7
230,white,6.8,0.64,0.08,9.7,0.062,26.0,142.0,0.9972,3.37,0.46,8.9,4
1506,white,8.1,0.2,0.49,8.1,0.051,51.0,205.0,0.9954,3.1,0.52,11.0,6
1972,white,7.6,0.2,0.26,4.5,0.086,37.0,133.0,0.9963,3.15,0.42,9.2,5
6495,red,5.9,0.645,0.12,2.0,0.075,32.0,44.0,0.99547,3.57,0.71,10.2,5
5753,red,7.6,0.735,0.02,2.5,0.071,10.0,14.0,0.99538,3.51,0.71,11.7,7
4487,white,6.4,0.13,0.28,0.9,0.045,32.0,87.0,0.99175,3.47,0.52,11.2,6
1315,white,8.1,0.2,0.36,9.7,0.044,63.0,162.0,0.997,3.1,0.46,10.0,6
492,white,7.8,0.19,0.26,8.9,0.039,42.0,182.0,0.996,3.18,0.46,9.9,6
5060,red,7.8,0.53,0.04,1.7,0.076,17.0,31.0,0.9964,3.33,0.56,10.0,6
1790,white,9.4,0.16,0.3,1.4,0.042,26.0,176.0,0.9954,3.15,0.46,9.1,5
5751,red,9.3,0.36,0.39,1.5,0.08,41.0,55.0,0.99652,3.47,0.73,10.9,6
2682,white,7.6,0.32,0.25,9.5,0.03,15.0,136.0,0.99367,3.1,0.44,12.1,6
1266,white,7.5,0.28,0.34,4.2,0.028,36.0,116.0,0.991,2.99,0.41,12.3,8
2535,white,9.0,0.26,0.34,6.7,0.029,21.0,162.0,0.99497,3.08,0.5,10.6,6
725,white,6.4,0.39,0.21,1.2,0.041,35.0,136.0,0.99225,3.15,0.46,10.2,5
1987,white,8.1,0.22,0.28,7.7,0.043,57.0,176.0,0.9954,3.12,0.55,10.0,5
5606,red,7.8,0.545,0.12,2.5,0.068,11.0,35.0,0.996,3.34,0.61,11.6,6
5152,red,7.1,0.6,0.0,1.8,0.074,16.0,34.0,0.9972,3.47,0.7,9.9,6
5471,red,10.5,0.59,0.49,2.1,0.07,14.0,47.0,0.9991,3.3,0.56,9.6,4
1343,white,6.6,0.25,0.31,12.4,0.059,52.0,181.0,0.9984,3.51,0.47,9.8,6
4956,red,7.8,0.59,0.18,2.3,0.076,17.0,54.0,0.9975,3.43,0.59,10.0,5
5954,red,8.9,0.48,0.53,4.0,0.101,3.0,10.0,0.99586,3.21,0.59,12.1,7
6394,red,7.7,0.54,0.26,1.9,0.089,23.0,147.0,0.99636,3.26,0.59,9.7,5
507,white,6.0,0.24,0.27,1.9,0.048,40.0,170.0,0.9938,3.64,0.54,10.0,7
1058,white,7.5,0.21,0.34,1.2,0.06,26.0,111.0,0.9931,3.51,0.47,10.7,6
983,white,5.7,0.36,0.34,4.2,0.026,21.0,77.0,0.9907,3.41,0.45,11.9,6
326,white,7.9,0.26,0.41,15.15,0.04,38.0,216.0,0.9976,2.96,0.6,10.0,6
4832,white,5.9,0.32,0.26,1.5,0.057,17.0,141.0,0.9917,3.24,0.36,10.7,5
5990,red,7.0,0.54,0.09,2.0,0.081,10.0,16.0,0.99479,3.43,0.59,11.5,6
972,white,6.8,0.22,0.35,17.5,0.039,38.0,153.0,0.9994,,0.42,9.0,6
1071,white,8.3,0.22,0.38,14.8,0.054,32.0,126.0,1.0002,3.22,0.5,9.7,5
5397,red,8.7,0.69,0.31,3.0,0.086,23.0,81.0,1.0002,3.48,0.74,11.6,6
1859,white,8.0,0.22,0.28,14.0,0.053,83.0,197.0,0.9981,3.14,0.45,9.8,6
4824,white,6.4,0.23,0.35,10.3,0.042,54.0,140.0,0.9967,3.23,0.47,9.2,5
5880,red,7.3,0.52,0.32,2.1,0.07,51.0,70.0,0.99418,3.34,0.82,12.9,6
1457,white,8.3,0.2,0.74,4.45,0.044,33.0,130.0,0.9924,3.25,0.42,12.2,6
5124,red,8.9,0.59,0.5,2.0,0.337,27.0,81.0,0.9964,3.04,1.61,9.5,6
1326,white,6.5,0.22,0.72,6.8,0.042,33.0,168.0,0.9958,3.12,0.36,9.2,6
3872,white,7.3,0.36,0.54,13.3,0.054,63.0,193.0,0.99864,3.06,0.49,8.6,4
1919,white,7.3,0.22,0.5,13.7,0.049,56.0,189.0,0.9994,3.24,0.66,9.0,6
2359,white,6.0,0.495,0.27,5.0,0.157,17.0,129.0,0.99396,3.03,0.36,9.3,5
658,white,6.6,0.27,0.25,3.1,0.052,41.0,188.0,0.9915,3.24,0.4,11.3,5
639,white,5.8,0.335,0.14,5.8,0.046,49.0,197.0,0.9937,3.3,0.71,10.3,5
5366,red,11.4,0.36,0.69,2.1,0.09,6.0,21.0,1.0,3.17,0.62,9.2,6
1439,white,6.1,0.25,0.49,7.6,0.052,67.0,226.0,0.9956,3.16,0.47,8.9,5
4366,white,5.9,0.29,0.28,3.2,0.035,16.0,117.0,0.98959,3.26,0.42,12.6,6
795,white,7.2,0.31,0.26,7.3,0.05,37.0,157.0,0.99625,3.09,0.43,9.0,5
6085,red,7.0,0.43,0.3,2.0,0.085,6.0,39.0,0.99346,3.33,0.46,11.9,6
2536,white,6.5,0.23,0.25,17.3,0.046,15.0,110.0,0.99828,3.15,0.42,9.2,6
2993,white,6.8,0.18,0.28,9.8,0.039,29.0,113.0,0.99406,3.11,0.45,10.9,7
5590,red,8.6,0.49,0.51,2.0,0.422,16.0,62.0,0.9979,3.03,1.17,9.0,5
5647,red,7.3,0.51,0.18,2.1,0.07,12.0,28.0,0.99768,3.52,0.73,9.5,6
5738,red,11.1,0.42,0.47,2.65,0.085,9.0,34.0,0.99736,3.24,0.77,12.1,7
108,white,7.1,0.23,0.35,16.5,0.04,60.0,171.0,0.999,3.16,0.59,9.1,6
1889,white,7.6,0.15,0.4,1.3,0.036,24.0,112.0,0.9932,3.14,0.76,10.0,5
3078,white,7.1,0.28,0.35,3.5,0.028,35.0,91.0,0.99022,2.96,0.33,12.1,5
5169,red,11.5,0.18,0.51,4.0,0.104,4.0,23.0,0.9996,3.28,0.97,10.1,6
3935,white,7.0,0.46,0.2,16.7,0.046,50.0,184.0,0.99898,3.08,0.56,9.4,5
1723,white,6.5,0.18,0.34,1.6,0.04,43.0,148.0,0.9912,3.32,0.59,11.5,8
6183,red,11.3,0.37,0.5,1.8,0.09,20.0,47.0,0.99734,3.15,0.57,10.5,5
5920,red,7.0,0.51,0.09,2.1,0.062,4.0,9.0,0.99584,3.35,0.54,10.5,5
3925,white,8.6,0.22,0.33,1.2,0.031,38.0,95.0,0.99239,2.83,0.31,10.3,5
4270,white,6.6,0.21,0.3,9.9,0.041,64.0,174.0,0.995,3.07,0.5,10.1,6
5171,red,8.4,0.715,0.2,2.4,0.076,10.0,38.0,0.99735,3.31,0.64,9.4,5
5431,red,10.3,0.27,0.24,2.1,0.072,15.0,33.0,0.9956,3.22,0.66,12.8,6
1736,white,6.1,0.22,0.23,3.1,0.052,15.0,104.0,0.9948,3.14,0.42,8.7,5
3194,white,5.7,0.16,0.32,1.2,0.036,7.0,89.0,0.99111,3.26,0.48,11.0,5
1957,white,7.0,0.12,0.32,7.2,0.058,22.0,89.0,0.9966,3.29,0.38,9.2,6
1293,white,6.9,0.39,0.22,4.3,0.03,10.0,102.0,0.993,3.0,0.87,11.6,4
2086,white,8.2,0.17,0.32,1.5,0.05,17.0,101.0,0.994,3.14,0.58,9.5,5
1676,white,7.0,0.35,0.3,6.5,0.028,27.0,87.0,0.9936,3.4,0.42,11.4,7
1837,white,7.2,0.24,0.29,2.2,0.037,37.0,102.0,0.992,3.27,0.64,11.0,7
5180,red,7.6,0.52,0.12,3.0,0.067,12.0,53.0,0.9971,3.36,0.57,9.1,5
1014,white,6.1,0.16,0.27,12.6,0.064,63.0,162.0,0.9994,3.66,0.43,8.9,5
3507,white,7.1,0.36,0.28,2.4,0.036,35.0,115.0,0.98936,3.19,0.44,13.5,7
2719,white,7.5,0.18,0.31,6.5,0.029,53.0,160.0,0.99276,3.03,0.38,10.9,6
3793,white,6.3,0.32,0.26,12.0,0.049,63.0,170.0,0.9961,3.14,0.55,9.9,6
2744,white,6.7,0.27,0.33,3.6,0.034,9.0,45.0,0.99144,3.08,0.4,10.5,6
737,white,6.9,0.38,0.25,9.8,0.04,28.0,191.0,0.9971,3.28,0.61,9.2,5
3217,white,5.8,0.33,0.23,5.0,0.053,29.0,106.0,0.99458,3.13,0.52,9.0,5
3589,white,6.8,0.19,0.71,17.5,0.042,21.0,114.0,0.99784,2.85,0.5,9.5,6
2366,white,7.4,0.33,0.44,7.6,0.05,40.0,227.0,0.99679,3.12,0.52,9.0,5
4672,white,4.9,0.335,0.14,1.3,0.036,69.0,168.0,0.99212,3.47,0.46,10.46666667,5
6389,red,5.6,0.54,0.04,1.7,0.049,5.0,13.0,0.9942,3.72,0.58,11.4,5
3943,white,6.4,0.2,0.15,6.6,0.046,26.0,113.0,0.99408,2.99,0.58,9.9,6
259,white,5.8,0.36,0.38,0.9,0.037,3.0,75.0,0.9904,3.28,0.34,11.4,4
5911,red,7.5,0.71,0.0,1.6,0.092,22.0,31.0,0.99635,3.38,0.58,10.0,6
2275,white,7.5,0.29,0.26,14.95,0.067,47.0,178.0,0.99838,3.04,0.49,9.2,4
5372,red,10.5,0.28,0.51,1.7,0.08,10.0,24.0,0.9982,3.2,0.89,9.4,6
2120,white,6.8,0.25,0.27,10.7,0.076,47.0,154.0,0.9967,3.05,0.38,9.0,5
234,white,7.2,0.23,0.38,14.3,0.058,55.0,194.0,0.9979,3.09,0.44,9.0,6
1772,white,7.8,0.4,0.26,9.5,0.059,32.0,178.0,0.9955,3.04,0.43,10.9,6
6484,red,7.5,0.31,0.41,2.4,0.065,34.0,60.0,0.99492,3.34,0.85,11.4,6
5816,red,8.4,0.36,0.32,2.2,0.081,32.0,79.0,0.9964,3.3,0.72,11.0,6
6358,red,6.4,0.42,0.09,2.3,0.054,34.0,64.0,0.99724,3.41,0.68,10.4,6
5446,red,12.4,0.35,0.49,2.6,0.079,27.0,69.0,0.9994,3.12,0.75,10.4,6
6284,red,7.4,0.64,0.07,1.8,0.1,8.0,23.0,0.9961,3.3,0.58,9.6,5
1096,white,6.5,0.28,0.26,8.8,0.04,44.0,139.0,0.9956,3.32,0.37,10.2,6
1804,white,7.6,0.3,0.22,10.2,0.049,57.0,191.0,0.9966,3.08,0.4,9.3,6
3899,white,6.0,0.21,0.3,8.7,0.036,47.0,127.0,0.99368,3.18,0.39,10.6,5
5208,red,10.3,0.53,0.48,2.5,0.063,6.0,25.0,0.9998,3.12,0.59,9.3,6
5476,red,8.8,0.47,0.49,2.9,0.085,17.0,110.0,0.9982,3.29,0.6,9.8,5
4563,white,5.6,0.26,0.27,10.6,0.03,27.0,119.0,0.9947,3.4,0.34,10.7,7
4132,white,7.4,0.31,0.26,8.6,0.048,47.0,206.0,0.9964,3.26,0.36,9.1,5
2701,white,6.5,0.23,0.36,16.3,0.038,43.0,133.0,0.99924,3.26,0.41,8.8,5
5716,red,7.1,0.715,0.0,2.35,0.071,21.0,47.0,0.99632,3.29,0.45,9.4,5
1198,white,7.1,0.26,0.32,14.45,0.074,29.0,107.0,0.998,2.96,0.42,9.2,6
907,white,7.1,0.25,0.39,2.1,0.036,30.0,124.0,0.9908,3.28,0.43,12.2,8
2635,white,8.2,0.32,0.26,2.1,0.062,26.0,87.0,0.98974,3.1,0.47,12.8,6
5608,red,10.6,1.025,0.43,2.8,0.08,21.0,84.0,0.9985,3.06,0.57,10.1,5
4656,white,6.0,0.29,0.41,10.8,0.048,55.0,149.0,0.9937,3.09,0.59,10.96666667,7
2431,white,6.3,0.29,0.14,7.05,0.045,50.0,177.0,0.99564,3.23,0.42,9.0,5
3226,white,5.7,0.2,0.3,2.5,0.046,38.0,125.0,0.99276,3.34,0.5,9.9,6
4427,white,6.3,0.32,0.26,12.3,0.044,24.0,205.0,0.99611,3.11,0.58,9.9,5
5649,red,8.3,0.65,0.1,2.9,0.089,17.0,40.0,0.99803,3.29,0.55,9.5,5
2424,white,6.2,0.44,0.18,7.7,0.096,28.0,210.0,0.99771,3.56,0.72,9.2,5
262,white,6.9,0.28,0.4,8.2,0.036,15.0,95.0,0.9944,3.17,0.33,10.2,5
4110,white,7.6,0.4,0.27,1.2,0.053,23.0,193.0,0.99164,3.22,0.38,11.6,5
6045,red,10.0,0.41,0.45,6.2,0.071,6.0,14.0,0.99702,3.21,0.49,11.8,7
1271,white,8.1,0.5,0.47,1.1,0.037,23.0,126.0,0.9938,3.21,0.42,10.9,5
5779,red,7.6,0.715,0.0,2.1,0.068,30.0,35.0,0.99533,3.48,0.65,11.4,6
5435,red,8.1,0.825,0.24,2.1,0.084,5.0,13.0,0.9972,3.37,0.77,10.7,6
1102,white,6.3,0.16,0.4,1.6,0.033,59.0,148.0,0.9914,3.44,0.53,11.4,5
1090,white,8.3,0.21,0.58,17.1,0.049,62.0,213.0,1.0006,3.01,0.51,9.3,6
5260,red,11.9,0.58,0.66,2.5,0.072,6.0,37.0,0.9992,3.05,0.56,10.0,5
6090,red,7.2,0.25,0.37,2.5,0.063,11.0,41.0,0.99439,3.52,0.8,12.4,7
1961,white,9.5,0.21,0.47,1.3,0.039,21.0,123.0,0.9959,2.9,0.64,9.5,5
3641,white,6.0,0.25,0.4,5.7,0.052,56.0,152.0,0.99398,3.16,0.88,10.5,6
6216,red,7.5,0.63,0.27,2.0,0.083,17.0,91.0,0.99616,3.26,0.58,9.8,6
762,white,6.8,0.24,0.49,19.3,0.057,55.0,247.0,1.00055,3.0,0.56,8.7,5
4791,white,6.7,0.3,0.5,12.1,0.045,38.0,127.0,0.9974,3.04,0.53,8.9,6
4849,white,6.4,0.33,0.44,8.9,0.055,52.0,164.0,0.99488,3.1,0.48,9.6,5
6160,red,9.8,0.45,0.38,2.5,0.081,34.0,66.0,0.99726,3.15,0.58,9.8,5
3320,white,7.5,0.29,0.36,15.7,0.05,29.0,124.0,0.9968,3.06,0.54,10.4,5
5682,red,7.1,0.59,0.01,2.5,0.077,20.0,85.0,0.99746,3.55,0.59,9.8,5
4743,white,6.0,0.14,0.37,1.2,0.032,63.0,148.0,0.99185,3.32,0.44,11.2,5
1236,white,6.8,0.32,0.37,3.4,0.023,19.0,87.0,0.9902,3.14,0.53,12.7,6
1570,white,6.6,0.3,0.74,4.6,0.041,36.0,159.0,0.9946,3.21,0.45,9.9,5
2623,white,6.5,0.18,0.41,14.2,0.039,47.0,129.0,0.99678,3.28,0.72,10.3,7
6275,red,5.2,0.49,0.26,2.3,0.09,23.0,74.0,0.9953,3.71,0.62,12.2,6
6481,red,6.2,0.46,0.29,2.1,0.074,32.0,98.0,0.99578,3.33,0.62,9.8,5
1325,white,7.7,0.32,0.48,2.3,0.04,28.0,114.0,0.9911,3.2,0.52,12.8,7
2955,white,7.4,0.35,0.24,6.0,0.042,28.0,123.0,0.99304,3.14,0.44,11.3,5
1802,white,6.8,0.23,0.29,15.4,0.073,56.0,173.0,0.9984,3.06,0.41,8.7,6
541,white,7.2,0.46,0.65,10.4,0.05,76.0,192.0,0.9976,3.16,0.42,8.7,5
4244,white,7.6,0.36,0.48,13.5,0.038,44.0,116.0,0.9982,3.04,0.48,9.2,5
4355,white,6.4,0.31,0.28,2.5,0.039,34.0,137.0,0.98946,3.22,0.38,12.7,6
6372,red,9.9,0.5,0.5,13.8,0.205,48.0,82.0,1.00242,3.16,0.75,8.8,5
1487,white,6.7,0.25,0.74,19.4,0.054,44.0,169.0,1.0004,3.51,0.45,9.8,6
